"DateTime","Players","Average Players"
"2017-02-01 00:00:00",1,
"2017-02-02 00:00:00",,
"2017-02-03 00:00:00",,
"2017-02-04 00:00:00",,
"2017-02-05 00:00:00",,
"2017-02-06 00:00:00",,
"2017-02-07 00:00:00",,
"2017-02-08 00:00:00",,
"2017-02-09 00:00:00",,
"2017-02-10 00:00:00",,
"2017-02-11 00:00:00",,
"2017-02-12 00:00:00",,
"2017-02-13 00:00:00",,
"2017-02-14 00:00:00",,
"2017-02-15 00:00:00",,
"2017-02-16 00:00:00",,
"2017-02-17 00:00:00",,
"2017-02-18 00:00:00",,
"2017-02-19 00:00:00",,
"2017-02-20 00:00:00",,
"2017-02-21 00:00:00",,
"2017-02-22 00:00:00",,
"2017-02-23 00:00:00",,
"2017-02-24 00:00:00",,
"2017-02-25 00:00:00",,
"2017-02-26 00:00:00",,
"2017-02-27 00:00:00",,
"2017-02-28 00:00:00",,
"2017-03-01 00:00:00",1,
"2017-03-02 00:00:00",,
"2017-03-03 00:00:00",3,
"2017-03-04 00:00:00",,
"2017-03-05 00:00:00",,
"2017-03-06 00:00:00",1,
"2017-03-07 00:00:00",,
"2017-03-08 00:00:00",,
"2017-03-09 00:00:00",,
"2017-03-10 00:00:00",1,
"2017-03-11 00:00:00",,
"2017-03-12 00:00:00",,
"2017-03-13 00:00:00",,
"2017-03-14 00:00:00",,
"2017-03-15 00:00:00",,
"2017-03-16 00:00:00",,
"2017-03-17 00:00:00",,
"2017-03-18 00:00:00",,
"2017-03-19 00:00:00",,
"2017-03-20 00:00:00",,
"2017-03-21 00:00:00",,
"2017-03-22 00:00:00",,
"2017-03-23 00:00:00",39523,
"2017-03-24 00:00:00",46119,
"2017-03-25 00:00:00",53667,
"2017-03-26 00:00:00",65629,
"2017-03-27 00:00:00",56310,
"2017-03-28 00:00:00",57175,
"2017-03-29 00:00:00",57121,
"2017-03-30 00:00:00",58532,
"2017-03-31 00:00:00",65738,
"2017-04-01 00:00:00",75682,
"2017-04-02 00:00:00",86648,
"2017-04-03 00:00:00",72785,
"2017-04-04 00:00:00",70046,
"2017-04-05 00:00:00",70541,
"2017-04-06 00:00:00",70104,
"2017-04-07 00:00:00",71165,
"2017-04-08 00:00:00",81031,
"2017-04-09 00:00:00",89066,
"2017-04-10 00:00:00",80357,
"2017-04-11 00:00:00",74820,
"2017-04-12 00:00:00",73028,
"2017-04-13 00:00:00",77263,
"2017-04-14 00:00:00",87933,
"2017-04-15 00:00:00",91451,
"2017-04-16 00:00:00",96368,
"2017-04-17 00:00:00",103672,
"2017-04-18 00:00:00",87811,
"2017-04-19 00:00:00",85688,
"2017-04-20 00:00:00",103411,
"2017-04-21 00:00:00",110636,
"2017-04-22 00:00:00",125305,
"2017-04-23 00:00:00",138478,
"2017-04-24 00:00:00",108786,
"2017-04-25 00:00:00",105878,
"2017-04-26 00:00:00",104189,
"2017-04-27 00:00:00",100633,
"2017-04-28 00:00:00",111007,
"2017-04-29 00:00:00",125847,
"2017-04-30 00:00:00",132224,
"2017-05-01 00:00:00",143302,
"2017-05-02 00:00:00",121663,
"2017-05-03 00:00:00",121333,
"2017-05-04 00:00:00",121746,
"2017-05-05 00:00:00",127751,
"2017-05-06 00:00:00",149613,
"2017-05-07 00:00:00",161117,
"2017-05-08 00:00:00",142099,
"2017-05-09 00:00:00",139173,
"2017-05-10 00:00:00",134549,
"2017-05-11 00:00:00",135010,
"2017-05-12 00:00:00",145591,
"2017-05-13 00:00:00",165926,
"2017-05-14 00:00:00",174516,
"2017-05-15 00:00:00",145584,
"2017-05-16 00:00:00",146877,
"2017-05-17 00:00:00",148631,
"2017-05-18 00:00:00",146887,
"2017-05-19 00:00:00",158062,
"2017-05-20 00:00:00",173348,
"2017-05-21 00:00:00",186916,
"2017-05-22 00:00:00",157947,
"2017-05-23 00:00:00",160833,
"2017-05-24 00:00:00",151991,
"2017-05-25 00:00:00",143727,
"2017-05-26 00:00:00",172888,
"2017-05-27 00:00:00",182698,
"2017-05-28 00:00:00",191573,
"2017-05-29 00:00:00",180861,
"2017-05-30 00:00:00",172266,
"2017-05-31 00:00:00",171474,
"2017-06-01 00:00:00",168779,
"2017-06-02 00:00:00",176691,
"2017-06-03 00:00:00",194697,
"2017-06-04 00:00:00",209081,
"2017-06-05 00:00:00",204449,
"2017-06-06 00:00:00",185607,
"2017-06-07 00:00:00",180441,
"2017-06-08 00:00:00",178360,
"2017-06-09 00:00:00",188136,
"2017-06-10 00:00:00",197874,
"2017-06-11 00:00:00",218071,
"2017-06-12 00:00:00",197381,
"2017-06-13 00:00:00",192862,
"2017-06-14 00:00:00",193730,
"2017-06-15 00:00:00",200558,
"2017-06-16 00:00:00",206596,
"2017-06-17 00:00:00",220910,
"2017-06-18 00:00:00",232325,
"2017-06-19 00:00:00",209239,
"2017-06-20 00:00:00",212130,
"2017-06-21 00:00:00",211893,
"2017-06-22 00:00:00",211103,
"2017-06-23 00:00:00",218507,
"2017-06-24 00:00:00",239810,
"2017-06-25 00:00:00",257712,
"2017-06-26 00:00:00",232986,
"2017-06-27 00:00:00",236180,
"2017-06-28 00:00:00",237002,
"2017-06-29 00:00:00",255147,
"2017-06-30 00:00:00",269383,
"2017-07-01 00:00:00",290001,
"2017-07-02 00:00:00",313807,
"2017-07-03 00:00:00",286085,
"2017-07-04 00:00:00",289135,
"2017-07-05 00:00:00",284355,
"2017-07-06 00:00:00",282554,
"2017-07-07 00:00:00",301208,
"2017-07-08 00:00:00",321026,
"2017-07-09 00:00:00",340604,
"2017-07-10 00:00:00",319705,
"2017-07-11 00:00:00",321086,
"2017-07-12 00:00:00",321392,
"2017-07-13 00:00:00",313880,
"2017-07-14 00:00:00",335374,
"2017-07-15 00:00:00",355330,
"2017-07-16 00:00:00",382779,
"2017-07-17 00:00:00",329145,
"2017-07-18 00:00:00",356656,
"2017-07-19 00:00:00",351955,
"2017-07-20 00:00:00",357712,
"2017-07-21 00:00:00",363785,
"2017-07-22 00:00:00",386257,
"2017-07-23 00:00:00",422618,
"2017-07-24 00:00:00",364760,
"2017-07-25 00:00:00",412085,
"2017-07-26 00:00:00",415193,
"2017-07-27 00:00:00",370084,
"2017-07-28 00:00:00",430582,
"2017-07-29 00:00:00",445820,
"2017-07-30 00:00:00",481304,
"2017-07-31 00:00:00",461344,
"2017-08-01 00:00:00",479439,
"2017-08-02 00:00:00",479612,
"2017-08-03 00:00:00",423030,
"2017-08-04 00:00:00",523078,
"2017-08-05 00:00:00",546584,
"2017-08-06 00:00:00",581224,
"2017-08-07 00:00:00",555240,
"2017-08-08 00:00:00",552038,
"2017-08-09 00:00:00",552155,
"2017-08-10 00:00:00",538332,
"2017-08-11 00:00:00",559613,
"2017-08-12 00:00:00",586190,
"2017-08-13 00:00:00",614743,
"2017-08-14 00:00:00",613642,
"2017-08-15 00:00:00",617207,
"2017-08-16 00:00:00",620133,
"2017-08-17 00:00:00",628489,
"2017-08-18 00:00:00",659152,
"2017-08-19 00:00:00",699249,
"2017-08-20 00:00:00",678113,
"2017-08-21 00:00:00",687633,
"2017-08-22 00:00:00",718030,
"2017-08-23 00:00:00",710065,
"2017-08-24 00:00:00",755998,
"2017-08-25 00:00:00",774342,
"2017-08-26 00:00:00",810668,
"2017-08-27 00:00:00",877844,
"2017-08-28 00:00:00",804696,
"2017-08-29 00:00:00",874184,
"2017-08-30 00:00:00",887388,
"2017-08-31 00:00:00",857891,
"2017-09-01 00:00:00",886154,
"2017-09-02 00:00:00",936020,
"2017-09-03 00:00:00",970240,
"2017-09-04 00:00:00",954533,
"2017-09-05 00:00:00",962950,
"2017-09-06 00:00:00",968512,
"2017-09-07 00:00:00",980039,
"2017-09-08 00:00:00",1028275,
"2017-09-09 00:00:00",1069054,
"2017-09-10 00:00:00",1111155,
"2017-09-11 00:00:00",1063156,
"2017-09-12 00:00:00",1073334,
"2017-09-13 00:00:00",1090862,
"2017-09-14 00:00:00",1135586,
"2017-09-15 00:00:00",1238017,
"2017-09-16 00:00:00",1349413,
"2017-09-17 00:00:00",1338091,
"2017-09-18 00:00:00",1302950,
"2017-09-19 00:00:00",1280976,
"2017-09-20 00:00:00",1333200,
"2017-09-21 00:00:00",1243166,
"2017-09-22 00:00:00",1462708,
"2017-09-23 00:00:00",1529218,
"2017-09-24 00:00:00",1493939,
"2017-09-25 00:00:00",1462955,
"2017-09-26 00:00:00",1466143,
"2017-09-27 00:00:00",1451925,
"2017-09-28 00:00:00",1473144,
"2017-09-29 00:00:00",1420977,
"2017-09-30 00:00:00",1574445,
"2017-10-01 00:00:00",1669015,
"2017-10-02 00:00:00",1628409,
"2017-10-03 00:00:00",1668715,
"2017-10-04 00:00:00",1655027,
"2017-10-05 00:00:00",1767288,
"2017-10-06 00:00:00",1846134,
"2017-10-07 00:00:00",1993691,
"2017-10-08 00:00:00",1960892,
"2017-10-09 00:00:00",1962803,
"2017-10-10 00:00:00",1931930,
"2017-10-11 00:00:00",2016498,
"2017-10-12 00:00:00",2041534,
"2017-10-13 00:00:00",2157343,
"2017-10-14 00:00:00",2289971,
"2017-10-15 00:00:00",2167546,
"2017-10-16 00:00:00",2081099,
"2017-10-17 00:00:00",1720392,
"2017-10-18 00:00:00",2112689,
"2017-10-19 00:00:00",2085661,
"2017-10-20 00:00:00",2275603,
"2017-10-21 00:00:00",2251203,
"2017-10-22 00:00:00",2128994,
"2017-10-23 00:00:00",2160577,
"2017-10-24 00:00:00",2178295,
"2017-10-25 00:00:00",2185097,
"2017-10-26 00:00:00",2158697,
"2017-10-27 00:00:00",2387794,
"2017-10-28 00:00:00",2390946,
"2017-10-29 00:00:00",2276682,
"2017-10-30 00:00:00",2247503,
"2017-10-31 00:00:00",2237373,
"2017-11-01 00:00:00",2303015,
"2017-11-02 00:00:00",2328745,
"2017-11-03 00:00:00",2524595,
"2017-11-04 00:00:00",2557336,
"2017-11-05 00:00:00",2451505,
"2017-11-06 00:00:00",2399159,
"2017-11-07 00:00:00",2377139,
"2017-11-08 00:00:00",2406967,
"2017-11-09 00:00:00",2435545,
"2017-11-10 00:00:00",2552565,
"2017-11-11 00:00:00",2641811,
"2017-11-12 00:00:00",2580337,
"2017-11-13 00:00:00",2531936,
"2017-11-14 00:00:00",2522283,
"2017-11-15 00:00:00",2545420,
"2017-11-16 00:00:00",2567825,
"2017-11-17 00:00:00",2793176,
"2017-11-18 00:00:00",2904846,
"2017-11-19 00:00:00",2778309,
"2017-11-20 00:00:00",2686146,
"2017-11-21 00:00:00",2674342,
"2017-11-22 00:00:00",2618738,
"2017-11-23 00:00:00",2642524,
"2017-11-24 00:00:00",2891657,
"2017-11-25 00:00:00",2940359,
"2017-11-26 00:00:00",2798630,
"2017-11-27 00:00:00",2683770,
"2017-11-28 00:00:00",2631504,
"2017-11-29 00:00:00",2670554,
"2017-11-30 00:00:00",2664769,
"2017-12-01 00:00:00",2903859,
"2017-12-02 00:00:00",2961112,
"2017-12-03 00:00:00",2817793,
"2017-12-04 00:00:00",2711041,
"2017-12-05 00:00:00",2709615,
"2017-12-06 00:00:00",2729519,
"2017-12-07 00:00:00",2796272,
"2017-12-08 00:00:00",2845552,
"2017-12-09 00:00:00",2913526,
"2017-12-10 00:00:00",2751550,
"2017-12-11 00:00:00",2652413,
"2017-12-12 00:00:00",2668501,
"2017-12-13 00:00:00",2680201,
"2017-12-14 00:00:00",2616642,
"2017-12-15 00:00:00",2804838,
"2017-12-16 00:00:00",2869156,
"2017-12-17 00:00:00",2648933,
"2017-12-18 00:00:00",2600604,
"2017-12-19 00:00:00",2648596,
"2017-12-20 00:00:00",2699268,
"2017-12-21 00:00:00",1901658,
"2017-12-22 00:00:00",2912831,
"2017-12-23 00:00:00",2893414,
"2017-12-24 00:00:00",2701140,
"2017-12-25 00:00:00",2720182,
"2017-12-26 00:00:00",2879002,
"2017-12-27 00:00:00",2911567,
"2017-12-28 00:00:00",2940119,
"2017-12-29 00:00:00",3105063,
"2017-12-30 00:00:00",3027050,
"2017-12-31 00:00:00",2735776,
"2018-01-01 00:00:00",2792515,
"2018-01-02 00:00:00",2987585,
"2018-01-03 00:00:00",2948824,
"2018-01-04 00:00:00",2908153,
"2018-01-05 00:00:00",3111095,
"2018-01-06 00:00:00",3165053,
"2018-01-07 00:00:00",3028424,
"2018-01-08 00:00:00",2916008,
"2018-01-09 00:00:00",2882162,
"2018-01-10 00:00:00",2821337,
"2018-01-11 00:00:00",2608675,
"2018-01-12 00:00:00",3119191,
"2018-01-13 00:00:00",3257248,
"2018-01-14 00:00:00",3149524,
"2018-01-15 00:00:00",3035560,
"2018-01-16 00:00:00",2984565,
"2018-01-17 00:00:00",3021621,
"2018-01-18 00:00:00",2995704,
"2018-01-19 00:00:00",3082953,
"2018-01-20 00:00:00",3156713,
"2018-01-21 00:00:00",3088609,
"2018-01-22 00:00:00",2975607,
"2018-01-23 00:00:00",2972069,
"2018-01-24 00:00:00",2935037,
"2018-01-25 00:00:00",2655842,
"2018-01-26 00:00:00",3034540,
"2018-01-27 00:00:00",3092549,
"2018-01-28 00:00:00",3071708,
"2018-01-29 00:00:00",2915453,
"2018-01-30 00:00:00",2940731,
"2018-01-31 00:00:00",2894346,
"2018-02-01 00:00:00",2734796,
"2018-02-02 00:00:00",2811749,
"2018-02-03 00:00:00",2957507,
"2018-02-04 00:00:00",2933527,
"2018-02-05 00:00:00",2820516,
"2018-02-06 00:00:00",2803438,
"2018-02-07 00:00:00",2543501,
"2018-02-08 00:00:00",2750007,
"2018-02-09 00:00:00",2679866,
"2018-02-10 00:00:00",2690449,
"2018-02-11 00:00:00",2700520,
"2018-02-12 00:00:00",2540839,
"2018-02-13 00:00:00",2434563,
"2018-02-14 00:00:00",2177418,
"2018-02-15 00:00:00",1684566,
"2018-02-16 00:00:00",2041561,
"2018-02-17 00:00:00",2165638,
"2018-02-18 00:00:00",2258546,
"2018-02-19 00:00:00",2233947,
"2018-02-20 00:00:00",2316442,
"2018-02-21 00:00:00",2437625,
"2018-02-22 00:00:00",2187318,
"2018-02-23 00:00:00",2597848,
"2018-02-24 00:00:00",2713437,
"2018-02-25 00:00:00",2750196,
"2018-02-26 00:00:00",2498316,
"2018-02-27 00:00:00",2712416,
"2018-02-28 00:00:00",2731402,
"2018-03-01 00:00:00",2646691,
"2018-03-02 00:00:00",2670202,
"2018-03-03 00:00:00",2802807,
"2018-03-04 00:00:00",2697444,
"2018-03-05 00:00:00",2603557,
"2018-03-06 00:00:00",2597254,
"2018-03-07 00:00:00",2611750,
"2018-03-08 00:00:00",2546480,
"2018-03-09 00:00:00",2652781,
"2018-03-10 00:00:00",2736269,
"2018-03-11 00:00:00",2608166,
"2018-03-12 00:00:00",2464229,
"2018-03-13 00:00:00",2100904,
"2018-03-14 00:00:00",2519524,
"2018-03-15 00:00:00",2508880,
"2018-03-16 00:00:00",2724247,
"2018-03-17 00:00:00",2807003,
"2018-03-18 00:00:00",2613261,
"2018-03-19 00:00:00",2466420,
"2018-03-20 00:00:00",2435565,
"2018-03-21 00:00:00",2402488,
"2018-03-22 00:00:00",2327636,
"2018-03-23 00:00:00",2551186,
"2018-03-24 00:00:00",2747269,
"2018-03-25 00:00:00",2522023,
"2018-03-26 00:00:00",2331646,
"2018-03-27 00:00:00",2392156,
"2018-03-28 00:00:00",2350681,
"2018-03-29 00:00:00",2404535,
"2018-03-30 00:00:00",2634331,
"2018-03-31 00:00:00",2486554,
"2018-04-01 00:00:00",2347833,
"2018-04-02 00:00:00",2222281,
"2018-04-03 00:00:00",2226291,
"2018-04-04 00:00:00",2461794,
"2018-04-05 00:00:00",2433921,
"2018-04-06 00:00:00",2438825,
"2018-04-07 00:00:00",2339259,
"2018-04-08 00:00:00",2260520,
"2018-04-09 00:00:00",2150591,
"2018-04-10 00:00:00",2144661,
"2018-04-11 00:00:00",2124506,
"2018-04-12 00:00:00",1877716,
"2018-04-13 00:00:00",2428897,
"2018-04-14 00:00:00",2408125,
"2018-04-15 00:00:00",2222605,
"2018-04-16 00:00:00",1989003,
"2018-04-17 00:00:00",1945381,
"2018-04-18 00:00:00",1954853,
"2018-04-19 00:00:00",1992584,
"2018-04-20 00:00:00",2298063,
"2018-04-21 00:00:00",2306962,
"2018-04-22 00:00:00",2167270,
"2018-04-23 00:00:00",1976595,
"2018-04-24 00:00:00",1911117,
"2018-04-25 00:00:00",1940222,
"2018-04-26 00:00:00",1857855,
"2018-04-27 00:00:00",1861128,
"2018-04-28 00:00:00",2028515,
"2018-04-29 00:00:00",1978515,
"2018-04-30 00:00:00",1990013,
"2018-05-01 00:00:00",1920870,
"2018-05-02 00:00:00",1854643,
"2018-05-03 00:00:00",1599724,
"2018-05-04 00:00:00",2179344,
"2018-05-05 00:00:00",2120708,
"2018-05-06 00:00:00",1996661,
"2018-05-07 00:00:00",1823331,
"2018-05-08 00:00:00",1808215,
"2018-05-09 00:00:00",1807300,
"2018-05-10 00:00:00",1824830,
"2018-05-11 00:00:00",1838953,
"2018-05-12 00:00:00",1885965,
"2018-05-13 00:00:00",1725044,
"2018-05-14 00:00:00",1603647,
"2018-05-15 00:00:00",1582474,
"2018-05-16 00:00:00",1594080,
"2018-05-17 00:00:00",1567378,
"2018-05-18 00:00:00",1802768,
"2018-05-19 00:00:00",1806076,
"2018-05-20 00:00:00",1681088,
"2018-05-21 00:00:00",1580484,
"2018-05-22 00:00:00",1575365,
"2018-05-23 00:00:00",1540243,
"2018-05-24 00:00:00",1558344,
"2018-05-25 00:00:00",1684366,
"2018-05-26 00:00:00",1734247,
"2018-05-27 00:00:00",1570216,
"2018-05-28 00:00:00",1483945,
"2018-05-29 00:00:00",1500954,
"2018-05-30 00:00:00",1533069,
"2018-05-31 00:00:00",1489915,
"2018-06-01 00:00:00",1625791,
"2018-06-02 00:00:00",1652570,
"2018-06-03 00:00:00",1586565,
"2018-06-04 00:00:00",1539619,
"2018-06-05 00:00:00",1586049,
"2018-06-06 00:00:00",1533823,
"2018-06-07 00:00:00",1536429,
"2018-06-08 00:00:00",1767366,
"2018-06-09 00:00:00",1724861,
"2018-06-10 00:00:00",1586492,
"2018-06-11 00:00:00",1487069,
"2018-06-12 00:00:00",1508372,
"2018-06-13 00:00:00",1506084,
"2018-06-14 00:00:00",1477682,
"2018-06-15 00:00:00",1471233,
"2018-06-16 00:00:00",1408530,
"2018-06-17 00:00:00",1495313,
"2018-06-18 00:00:00",1432449,
"2018-06-19 00:00:00",1290032,
"2018-06-20 00:00:00",1285109,
"2018-06-21 00:00:00",1359864,
"2018-06-22 00:00:00",1524462,
"2018-06-23 00:00:00",1688343,
"2018-06-24 00:00:00",1637530,
"2018-06-25 00:00:00",1578485,
"2018-06-26 00:00:00",1520207,
"2018-06-27 00:00:00",1440186,
"2018-06-28 00:00:00",1289154,
"2018-06-29 00:00:00",1356343,
"2018-06-30 00:00:00",1336887,
"2018-07-01 00:00:00",1353031,
"2018-07-02 00:00:00",1295000,
"2018-07-03 00:00:00",1297869,
"2018-07-04 00:00:00",1306329,
"2018-07-05 00:00:00",1244353,
"2018-07-06 00:00:00",1309303,
"2018-07-07 00:00:00",1335704,
"2018-07-08 00:00:00",1324480,
"2018-07-09 00:00:00",1285515,
"2018-07-10 00:00:00",1284166,
"2018-07-11 00:00:00",1277500,
"2018-07-12 00:00:00",1202176,
"2018-07-13 00:00:00",1272032,
"2018-07-14 00:00:00",1241282,
"2018-07-15 00:00:00",1250115,
"2018-07-16 00:00:00",1236782,
"2018-07-17 00:00:00",1250318,
"2018-07-18 00:00:00",1237700,
"2018-07-19 00:00:00",1252752,
"2018-07-20 00:00:00",1335064,
"2018-07-21 00:00:00",1339071,
"2018-07-22 00:00:00",1329078,
"2018-07-23 00:00:00",1255994,
"2018-07-24 00:00:00",1283262,
"2018-07-25 00:00:00",1280741,
"2018-07-26 00:00:00",1299484,
"2018-07-27 00:00:00",1307656,
"2018-07-28 00:00:00",1258122,
"2018-07-29 00:00:00",1254035,
"2018-07-30 00:00:00",1290744,
"2018-07-31 00:00:00",1271022,
"2018-08-01 00:00:00",1243027,
"2018-08-02 00:00:00",1226603,
"2018-08-03 00:00:00",1248850,
"2018-08-04 00:00:00",1243783,
"2018-08-05 00:00:00",1255623,
"2018-08-06 00:00:00",1181571,
"2018-08-07 00:00:00",1175902,
"2018-08-08 00:00:00",1073724,
"2018-08-09 00:00:00",1172262,
"2018-08-10 00:00:00",1114489,
"2018-08-11 00:00:00",1172157,
"2018-08-12 00:00:00",1184981,
"2018-08-13 00:00:00",1138388,
"2018-08-14 00:00:00",1139534,
"2018-08-15 00:00:00",1115512,
"2018-08-16 00:00:00",1090274,
"2018-08-17 00:00:00",1053776,
"2018-08-18 00:00:00",1187422,
"2018-08-19 00:00:00",1174141,
"2018-08-20 00:00:00",1097494,
"2018-08-21 00:00:00",1124698,
"2018-08-22 00:00:00",1138021,
"2018-08-23 00:00:00",1137029,
"2018-08-24 00:00:00",1174910,
"2018-08-25 00:00:00",1190514,
"2018-08-26 00:00:00",1164104,
"2018-08-27 00:00:00",1106200,
"2018-08-28 00:00:00",1106043,
"2018-08-29 00:00:00",1091043,
"2018-08-30 00:00:00",1090349,
"2018-08-31 00:00:00",1115111,
"2018-09-01 00:00:00",1099621,
"2018-09-02 00:00:00",1078927,
"2018-09-03 00:00:00",1032185,
"2018-09-04 00:00:00",1125932,
"2018-09-05 00:00:00",1005484,
"2018-09-06 00:00:00",1006844,
"2018-09-07 00:00:00",1087473,
"2018-09-08 00:00:00",1116354,
"2018-09-09 00:00:00",1039062,
"2018-09-10 00:00:00",960263,
"2018-09-11 00:00:00",958714,
"2018-09-12 00:00:00",976253,
"2018-09-13 00:00:00",1110760,
"2018-09-14 00:00:00",1115086,
"2018-09-15 00:00:00",1128795,
"2018-09-16 00:00:00",1092144,
"2018-09-17 00:00:00",1021462,
"2018-09-18 00:00:00",999769,
"2018-09-19 00:00:00",994004,
"2018-09-20 00:00:00",995711,
"2018-09-21 00:00:00",1079364,
"2018-09-22 00:00:00",1082120,
"2018-09-23 00:00:00",1125462,
"2018-09-24 00:00:00",998729,
"2018-09-25 00:00:00",989933,
"2018-09-26 00:00:00",983493,
"2018-09-27 00:00:00",943584,
"2018-09-28 00:00:00",964669,
"2018-09-29 00:00:00",983446,
"2018-09-30 00:00:00",1040164,
"2018-10-01 00:00:00",950165,
"2018-10-02 00:00:00",945733,
"2018-10-03 00:00:00",960816,
"2018-10-04 00:00:00",941269,
"2018-10-05 00:00:00",916596,
"2018-10-06 00:00:00",1055508,
"2018-10-07 00:00:00",1021057,
"2018-10-08 00:00:00",948575,
"2018-10-09 00:00:00",940820,
"2018-10-10 00:00:00",852238,
"2018-10-11 00:00:00",836300,
"2018-10-12 00:00:00",955819,
"2018-10-13 00:00:00",1023746,
"2018-10-14 00:00:00",927559,
"2018-10-15 00:00:00",876955,
"2018-10-16 00:00:00",846193,
"2018-10-17 00:00:00",835973,
"2018-10-18 00:00:00",864675,
"2018-10-19 00:00:00",938802,
"2018-10-20 00:00:00",965507,
"2018-10-21 00:00:00",944706,
"2018-10-22 00:00:00",859126,
"2018-10-23 00:00:00",803345,
"2018-10-24 00:00:00",870192,
"2018-10-25 00:00:00",860280,
"2018-10-26 00:00:00",943023,
"2018-10-27 00:00:00",961868,
"2018-10-28 00:00:00",915145,
"2018-10-29 00:00:00",852022,
"2018-10-30 00:00:00",848017,
"2018-10-31 00:00:00",821094,
"2018-11-01 00:00:00",830675,
"2018-11-02 00:00:00",899212,
"2018-11-03 00:00:00",888932,
"2018-11-04 00:00:00",871756,
"2018-11-05 00:00:00",804729,
"2018-11-06 00:00:00",798186,
"2018-11-07 00:00:00",823745,
"2018-11-08 00:00:00",797339,
"2018-11-09 00:00:00",822848,
"2018-11-10 00:00:00",867996,
"2018-11-11 00:00:00",838380,
"2018-11-12 00:00:00",783911,
"2018-11-13 00:00:00",782310,
"2018-11-14 00:00:00",792290,
"2018-11-15 00:00:00",777768,
"2018-11-16 00:00:00",842399,
"2018-11-17 00:00:00",898133,
"2018-11-18 00:00:00",858673,
"2018-11-19 00:00:00",786883,
"2018-11-20 00:00:00",795710,
"2018-11-21 00:00:00",794832,
"2018-11-22 00:00:00",799527,
"2018-11-23 00:00:00",851131,
"2018-11-24 00:00:00",897522,
"2018-11-25 00:00:00",856216,
"2018-11-26 00:00:00",792614,
"2018-11-27 00:00:00",805741,
"2018-11-28 00:00:00",810979,
"2018-11-29 00:00:00",804956,
"2018-11-30 00:00:00",884564,
"2018-12-01 00:00:00",927372,
"2018-12-02 00:00:00",898667,
"2018-12-03 00:00:00",830881,
"2018-12-04 00:00:00",832684,
"2018-12-05 00:00:00",839782,
"2018-12-06 00:00:00",840054,
"2018-12-07 00:00:00",878200,
"2018-12-08 00:00:00",912235,
"2018-12-09 00:00:00",880955,
"2018-12-10 00:00:00",831909,
"2018-12-11 00:00:00",807682,
"2018-12-12 00:00:00",813949,
"2018-12-13 00:00:00",811348,
"2018-12-14 00:00:00",878143,
"2018-12-15 00:00:00",926855,
"2018-12-16 00:00:00",908968,
"2018-12-17 00:00:00",845277,
"2018-12-18 00:00:00",852889,
"2018-12-19 00:00:00",1042110,
"2018-12-20 00:00:00",1047464,
"2018-12-21 00:00:00",1077319,
"2018-12-22 00:00:00",1119014,
"2018-12-23 00:00:00",1082613,
"2018-12-24 00:00:00",974362,
"2018-12-25 00:00:00",969929,
"2018-12-26 00:00:00",1011873,
"2018-12-27 00:00:00",995066,
"2018-12-28 00:00:00",1003214,
"2018-12-29 00:00:00",1039988,
"2018-12-30 00:00:00",1039383,
"2018-12-31 00:00:00",926175,
"2019-01-01 00:00:00",986759,
"2019-01-02 00:00:00",988726,
"2019-01-03 00:00:00",978611,
"2019-01-04 00:00:00",1037423,
"2019-01-05 00:00:00",1091897,
"2019-01-06 00:00:00",1053933,
"2019-01-07 00:00:00",970440,
"2019-01-08 00:00:00",972455,
"2019-01-09 00:00:00",973687,
"2019-01-10 00:00:00",958155,
"2019-01-11 00:00:00",1002374,
"2019-01-12 00:00:00",1069995,
"2019-01-13 00:00:00",1051360,
"2019-01-14 00:00:00",975754,
"2019-01-15 00:00:00",973809,
"2019-01-16 00:00:00",962822,
"2019-01-17 00:00:00",955166,
"2019-01-18 00:00:00",978083,
"2019-01-19 00:00:00",1022828,
"2019-01-20 00:00:00",1027389,
"2019-01-21 00:00:00",933529,
"2019-01-22 00:00:00",911478,
"2019-01-23 00:00:00",929388,
"2019-01-24 00:00:00",891518,
"2019-01-25 00:00:00",884575,
"2019-01-26 00:00:00",935053,
"2019-01-27 00:00:00",947041,
"2019-01-28 00:00:00",875550,
"2019-01-29 00:00:00",787343,
"2019-01-30 00:00:00",797040,
"2019-01-31 00:00:00",800279,
"2019-02-01 00:00:00",793914,
"2019-02-02 00:00:00",809999,
"2019-02-03 00:00:00",787925,
"2019-02-04 00:00:00",558470,
"2019-02-05 00:00:00",662762,
"2019-02-06 00:00:00",690666,
"2019-02-07 00:00:00",709172,
"2019-02-08 00:00:00",747664,
"2019-02-09 00:00:00",804030,
"2019-02-10 00:00:00",852355,
"2019-02-11 00:00:00",835490,
"2019-02-12 00:00:00",845921,
"2019-02-13 00:00:00",858666,
"2019-02-14 00:00:00",801747,
"2019-02-15 00:00:00",891027,
"2019-02-16 00:00:00",923672,
"2019-02-17 00:00:00",931754,
"2019-02-18 00:00:00",893536,
"2019-02-19 00:00:00",845996,
"2019-02-20 00:00:00",859067,
"2019-02-21 00:00:00",871544,
"2019-02-22 00:00:00",882956,
"2019-02-23 00:00:00",915662,
"2019-02-24 00:00:00",891749,
"2019-02-25 00:00:00",830311,
"2019-02-26 00:00:00",833583,
"2019-02-27 00:00:00",759149,
"2019-02-28 00:00:00",816309,
"2019-03-01 00:00:00",869608,
"2019-03-02 00:00:00",904021,
"2019-03-03 00:00:00",855382,
"2019-03-04 00:00:00",791633,
"2019-03-05 00:00:00",796397,
"2019-03-06 00:00:00",787774,
"2019-03-07 00:00:00",786361,
"2019-03-08 00:00:00",830556,
"2019-03-09 00:00:00",898360,
"2019-03-10 00:00:00",836461,
"2019-03-11 00:00:00",791538,
"2019-03-12 00:00:00",783943,
"2019-03-13 00:00:00",785274,
"2019-03-14 00:00:00",800679,
"2019-03-15 00:00:00",860708,
"2019-03-16 00:00:00",905999,
"2019-03-17 00:00:00",860785,
"2019-03-18 00:00:00",795081,
"2019-03-19 00:00:00",792476,
"2019-03-20 00:00:00",784037,
"2019-03-21 00:00:00",796946,
"2019-03-22 00:00:00",870044,
"2019-03-23 00:00:00",889884,
"2019-03-24 00:00:00",856634,
"2019-03-25 00:00:00",773920,
"2019-03-26 00:00:00",766534,
"2019-03-27 00:00:00",773081,
"2019-03-28 00:00:00",843518,
"2019-03-29 00:00:00",913396,
"2019-03-30 00:00:00",942933,
"2019-03-31 00:00:00",911814,
"2019-04-01 00:00:00",839003,
"2019-04-02 00:00:00",831820,
"2019-04-03 00:00:00",854717,
"2019-04-04 00:00:00",899215,
"2019-04-05 00:00:00",864580,
"2019-04-06 00:00:00",847644,
"2019-04-07 00:00:00",857649,
"2019-04-08 00:00:00",801126,
"2019-04-09 00:00:00",816591,
"2019-04-10 00:00:00",780335,
"2019-04-11 00:00:00",809674,
"2019-04-12 00:00:00",870764,
"2019-04-13 00:00:00",896037,
"2019-04-14 00:00:00",855380,
"2019-04-15 00:00:00",794381,
"2019-04-16 00:00:00",736129,
"2019-04-17 00:00:00",736328,
"2019-04-18 00:00:00",745352,
"2019-04-19 00:00:00",815594,
"2019-04-20 00:00:00",839486,
"2019-04-21 00:00:00",800938,
"2019-04-22 00:00:00",792917,
"2019-04-23 00:00:00",770286,
"2019-04-24 00:00:00",717339,
"2019-04-25 00:00:00",762211,
"2019-04-26 00:00:00",809024,
"2019-04-27 00:00:00",824730,
"2019-04-28 00:00:00",829876,
"2019-04-29 00:00:00",782408,
"2019-04-30 00:00:00",825897,
"2019-05-01 00:00:00",799367,
"2019-05-02 00:00:00",768507,
"2019-05-03 00:00:00",811091,
"2019-05-04 00:00:00",807371,
"2019-05-05 00:00:00",824692,
"2019-05-06 00:00:00",787052,
"2019-05-07 00:00:00",785910,
"2019-05-08 00:00:00",790069,
"2019-05-09 00:00:00",753251,
"2019-05-10 00:00:00",791533,
"2019-05-11 00:00:00",822913,
"2019-05-12 00:00:00",784612,
"2019-05-13 00:00:00",734203,
"2019-05-14 00:00:00",736278,
"2019-05-15 00:00:00",737354,
"2019-05-16 00:00:00",727205,
"2019-05-17 00:00:00",762215,
"2019-05-18 00:00:00",820622,
"2019-05-19 00:00:00",787834,
"2019-05-20 00:00:00",694365,
"2019-05-21 00:00:00",722994,
"2019-05-22 00:00:00",727685,
"2019-05-23 00:00:00",680888,
"2019-05-24 00:00:00",754972,
"2019-05-25 00:00:00",786292,
"2019-05-26 00:00:00",759829,
"2019-05-27 00:00:00",719091,
"2019-05-28 00:00:00",704047,
"2019-05-29 00:00:00",702474,
"2019-05-30 00:00:00",709870,
"2019-05-31 00:00:00",747878,
"2019-06-01 00:00:00",747864,
"2019-06-02 00:00:00",732024,
"2019-06-03 00:00:00",686180,
"2019-06-04 00:00:00",692949,
"2019-06-05 00:00:00",710828,
"2019-06-06 00:00:00",713788,
"2019-06-07 00:00:00",704295,
"2019-06-08 00:00:00",740925,
"2019-06-09 00:00:00",723493,
"2019-06-10 00:00:00",707629,
"2019-06-11 00:00:00",697643,
"2019-06-12 00:00:00",693504,
"2019-06-13 00:00:00",694466,
"2019-06-14 00:00:00",716364,
"2019-06-15 00:00:00",749529,
"2019-06-16 00:00:00",730037,
"2019-06-17 00:00:00",690283,
"2019-06-18 00:00:00",672179,
"2019-06-19 00:00:00",663202,
"2019-06-20 00:00:00",675061,
"2019-06-21 00:00:00",699900,
"2019-06-22 00:00:00",726213,
"2019-06-23 00:00:00",709749,
"2019-06-24 00:00:00",666244,
"2019-06-25 00:00:00",673583,
"2019-06-26 00:00:00",739541,
"2019-06-27 00:00:00",699625,
"2019-06-28 00:00:00",729982,
"2019-06-29 00:00:00",735698,
"2019-06-30 00:00:00",710788,
"2019-07-01 00:00:00",668303,
"2019-07-02 00:00:00",688195,
"2019-07-03 00:00:00",689343,
"2019-07-04 00:00:00",686010,
"2019-07-05 00:00:00",692695,
"2019-07-06 00:00:00",716629,
"2019-07-07 00:00:00",717898,
"2019-07-08 00:00:00",679962,
"2019-07-09 00:00:00",676091,
"2019-07-10 00:00:00",670848,
"2019-07-11 00:00:00",658369,
"2019-07-12 00:00:00",660142,
"2019-07-13 00:00:00",673013,
"2019-07-14 00:00:00",670466,
"2019-07-15 00:00:00",631679,
"2019-07-16 00:00:00",604168,
"2019-07-17 00:00:00",621337,
"2019-07-18 00:00:00",631860,
"2019-07-19 00:00:00",649156,
"2019-07-20 00:00:00",661890,
"2019-07-21 00:00:00",669114,
"2019-07-22 00:00:00",643046,
"2019-07-23 00:00:00",624293,
"2019-07-24 00:00:00",706233,
"2019-07-25 00:00:00",724148,
"2019-07-26 00:00:00",732654,
"2019-07-27 00:00:00",747307,
"2019-07-28 00:00:00",751793,
"2019-07-29 00:00:00",734761,
"2019-07-30 00:00:00",731127,
"2019-07-31 00:00:00",740419,
"2019-08-01 00:00:00",721365,
"2019-08-02 00:00:00",726458,
"2019-08-03 00:00:00",736436,
"2019-08-04 00:00:00",748527,
"2019-08-05 00:00:00",712293,
"2019-08-06 00:00:00",703399,
"2019-08-07 00:00:00",657405,
"2019-08-08 00:00:00",703200,
"2019-08-09 00:00:00",725213,
"2019-08-10 00:00:00",744703,
"2019-08-11 00:00:00",756114,
"2019-08-12 00:00:00",727661,
"2019-08-13 00:00:00",719913,
"2019-08-14 00:00:00",720289,
"2019-08-15 00:00:00",708517,
"2019-08-16 00:00:00",709903,
"2019-08-17 00:00:00",723170,
"2019-08-18 00:00:00",723614,
"2019-08-19 00:00:00",689162,
"2019-08-20 00:00:00",665690,
"2019-08-21 00:00:00",685121,
"2019-08-22 00:00:00",670660,
"2019-08-23 00:00:00",680066,
"2019-08-24 00:00:00",687657,
"2019-08-25 00:00:00",699829,
"2019-08-26 00:00:00",675824,
"2019-08-27 00:00:00",654781,
"2019-08-28 00:00:00",649264,
"2019-08-29 00:00:00",629908,
"2019-08-30 00:00:00",658323,
"2019-08-31 00:00:00",665462,
"2019-09-01 00:00:00",646049,
"2019-09-02 00:00:00",619909,
"2019-09-03 00:00:00",613055,
"2019-09-04 00:00:00",607426,
"2019-09-05 00:00:00",592227,
"2019-09-06 00:00:00",629844,
"2019-09-07 00:00:00",664212,
"2019-09-08 00:00:00",628492,
"2019-09-09 00:00:00",586328,
"2019-09-10 00:00:00",580416,
"2019-09-11 00:00:00",594297,
"2019-09-12 00:00:00",610713,
"2019-09-13 00:00:00",586481,
"2019-09-14 00:00:00",625792,
"2019-09-15 00:00:00",617403,
"2019-09-16 00:00:00",577611,
"2019-09-17 00:00:00",590928,
"2019-09-18 00:00:00",584006,
"2019-09-19 00:00:00",576220,
"2019-09-20 00:00:00",612796,
"2019-09-21 00:00:00",642696,
"2019-09-22 00:00:00",612623,
"2019-09-23 00:00:00",567406,
"2019-09-24 00:00:00",563407,
"2019-09-25 00:00:00",553272,
"2019-09-26 00:00:00",563163,
"2019-09-27 00:00:00",578771,
"2019-09-28 00:00:00",597088,
"2019-09-29 00:00:00",588717,
"2019-09-30 00:00:00",587937,
"2019-10-01 00:00:00",570466,
"2019-10-02 00:00:00",575918,
"2019-10-03 00:00:00",573576,
"2019-10-04 00:00:00",585831,
"2019-10-05 00:00:00",610291,
"2019-10-06 00:00:00",636933,
"2019-10-07 00:00:00",582013,
"2019-10-08 00:00:00",575425,
"2019-10-09 00:00:00",565291,
"2019-10-10 00:00:00",546535,
"2019-10-11 00:00:00",580319,
"2019-10-12 00:00:00",585054,
"2019-10-13 00:00:00",572358,
"2019-10-14 00:00:00",546159,
"2019-10-15 00:00:00",520345,
"2019-10-16 00:00:00",539562,
"2019-10-17 00:00:00",514219,
"2019-10-18 00:00:00",559734,
"2019-10-19 00:00:00",571380,
"2019-10-20 00:00:00",555731,
"2019-10-21 00:00:00",526943,
"2019-10-22 00:00:00",530018,
"2019-10-23 00:00:00",603362,
"2019-10-24 00:00:00",611072,
"2019-10-25 00:00:00",639563,
"2019-10-26 00:00:00",614681,
"2019-10-27 00:00:00",611882,
"2019-10-28 00:00:00",586390,
"2019-10-29 00:00:00",517918,
"2019-10-30 00:00:00",538720,
"2019-10-31 00:00:00",543788,
"2019-11-01 00:00:00",574180,
"2019-11-02 00:00:00",545720,
"2019-11-03 00:00:00",525943,
"2019-11-04 00:00:00",561418,
"2019-11-05 00:00:00",560622,
"2019-11-06 00:00:00",604275,
"2019-11-07 00:00:00",592034,
"2019-11-08 00:00:00",611725,
"2019-11-09 00:00:00",663914,
"2019-11-10 00:00:00",562852,
"2019-11-11 00:00:00",601544,
"2019-11-12 00:00:00",610715,
"2019-11-13 00:00:00",615893,
"2019-11-14 00:00:00",597039,
"2019-11-15 00:00:00",633767,
"2019-11-16 00:00:00",670526,
"2019-11-17 00:00:00",661729,
"2019-11-18 00:00:00",622477,
"2019-11-19 00:00:00",605890,
"2019-11-20 00:00:00",619378,
"2019-11-21 00:00:00",634883,
"2019-11-22 00:00:00",647143,
"2019-11-23 00:00:00",680036,
"2019-11-24 00:00:00",684839,
"2019-11-25 00:00:00",650227,
"2019-11-26 00:00:00",635004,
"2019-11-27 00:00:00",646999,
"2019-11-28 00:00:00",634047,
"2019-11-29 00:00:00",671427,
"2019-11-30 00:00:00",700581,
"2019-12-01 00:00:00",686004,
"2019-12-02 00:00:00",627059,
"2019-12-03 00:00:00",613762,
"2019-12-04 00:00:00",625363,
"2019-12-05 00:00:00",622679,
"2019-12-06 00:00:00",652974,
"2019-12-07 00:00:00",693723,
"2019-12-08 00:00:00",665264,
"2019-12-09 00:00:00",615244,
"2019-12-10 00:00:00",606618,
"2019-12-11 00:00:00",613579,
"2019-12-12 00:00:00",599733,
"2019-12-13 00:00:00",633518,
"2019-12-14 00:00:00",670449,
"2019-12-15 00:00:00",646119,
"2019-12-16 00:00:00",602784,
"2019-12-17 00:00:00",593326,
"2019-12-18 00:00:00",597820,
"2019-12-19 00:00:00",585832,
"2019-12-20 00:00:00",606788,
"2019-12-21 00:00:00",661686,
"2019-12-22 00:00:00",645978,
"2019-12-23 00:00:00",612863,
"2019-12-24 00:00:00",565210,
"2019-12-25 00:00:00",594632,
"2019-12-26 00:00:00",617390,
"2019-12-27 00:00:00",643169,
"2019-12-28 00:00:00",669907,
"2019-12-29 00:00:00",638320,
"2019-12-30 00:00:00",614577,
"2019-12-31 00:00:00",567385,
"2020-01-01 00:00:00",614363,
"2020-01-02 00:00:00",599263,
"2020-01-03 00:00:00",632760,
"2020-01-04 00:00:00",651756,
"2020-01-05 00:00:00",650503,
"2020-01-06 00:00:00",610334,
"2020-01-07 00:00:00",606420,
"2020-01-08 00:00:00",609793,
"2020-01-09 00:00:00",613508,
"2020-01-10 00:00:00",593145,
"2020-01-11 00:00:00",610738,
"2020-01-12 00:00:00",603448,
"2020-01-13 00:00:00",549598,
"2020-01-14 00:00:00",542679,
"2020-01-15 00:00:00",533338,
"2020-01-16 00:00:00",499473,
"2020-01-17 00:00:00",498798,
"2020-01-18 00:00:00",508173,
"2020-01-19 00:00:00",513903,
"2020-01-20 00:00:00",483076,
"2020-01-21 00:00:00",475652,
"2020-01-22 00:00:00",528722,
"2020-01-23 00:00:00",500323,
"2020-01-24 00:00:00",339070,
"2020-01-25 00:00:00",404964,
"2020-01-26 00:00:00",451913,
"2020-01-27 00:00:00",457318,
"2020-01-28 00:00:00",474702,
"2020-01-29 00:00:00",497818,
"2020-01-30 00:00:00",516015,
"2020-01-31 00:00:00",540487,
"2020-02-01 00:00:00",566938,
"2020-02-02 00:00:00",581046,
"2020-02-03 00:00:00",562616,
"2020-02-04 00:00:00",563399,
"2020-02-05 00:00:00",572778,
"2020-02-06 00:00:00",572594,
"2020-02-07 00:00:00",582207,
"2020-02-08 00:00:00",595029,
"2020-02-09 00:00:00",604948,
"2020-02-10 00:00:00",579106,
"2020-02-11 00:00:00",582419,
"2020-02-12 00:00:00",578459,
"2020-02-13 00:00:00",569867,
"2020-02-14 00:00:00",559630,
"2020-02-15 00:00:00",590771,
"2020-02-16 00:00:00",591726,
"2020-02-17 00:00:00",562142,
"2020-02-18 00:00:00",555361,
"2020-02-19 00:00:00",614184,
"2020-02-20 00:00:00",577104,
"2020-02-21 00:00:00",583688,
"2020-02-22 00:00:00",586862,
"2020-02-23 00:00:00",584139,
"2020-02-24 00:00:00",542926,
"2020-02-25 00:00:00",544082,
"2020-02-26 00:00:00",550151,
"2020-02-27 00:00:00",534040,
"2020-02-28 00:00:00",548394,
"2020-02-29 00:00:00",569147,
"2020-03-01 00:00:00",562538,
"2020-03-02 00:00:00",532317,
"2020-03-03 00:00:00",528097,
"2020-03-04 00:00:00",532433,
"2020-03-05 00:00:00",521267,
"2020-03-06 00:00:00",541116,
"2020-03-07 00:00:00",559301,
"2020-03-08 00:00:00",552350,
"2020-03-09 00:00:00",497139,
"2020-03-10 00:00:00",511646,
"2020-03-11 00:00:00",499914,
"2020-03-12 00:00:00",500574,
"2020-03-13 00:00:00",523702,
"2020-03-14 00:00:00",525462,
"2020-03-15 00:00:00",515050,
"2020-03-16 00:00:00",486076,
"2020-03-17 00:00:00",471235,
"2020-03-18 00:00:00",488092,
"2020-03-19 00:00:00",495750,
"2020-03-20 00:00:00",501729,
"2020-03-21 00:00:00",525096,
"2020-03-22 00:00:00",527361,
"2020-03-23 00:00:00",573661,
"2020-03-24 00:00:00",534857,
"2020-03-25 00:00:00",546511,
"2020-03-26 00:00:00",551705,
"2020-03-27 00:00:00",558011,
"2020-03-28 00:00:00",565660,
"2020-03-29 00:00:00",562701,
"2020-03-30 00:00:00",530038,
"2020-03-31 00:00:00",508285,
"2020-04-01 00:00:00",596513,
"2020-04-02 00:00:00",567655,
"2020-04-03 00:00:00",560748,
"2020-04-04 00:00:00",925699,
"2020-04-05 00:00:00",565383,
"2020-04-06 00:00:00",548834,
"2020-04-07 00:00:00",519292,
"2020-04-08 00:00:00",494388,
"2020-04-09 00:00:00",498418,
"2020-04-10 00:00:00",523198,
"2020-04-11 00:00:00",543263,
"2020-04-12 00:00:00",520019,
"2020-04-13 00:00:00",490184,
"2020-04-14 00:00:00",478522,
"2020-04-15 00:00:00",456664,
"2020-04-16 00:00:00",458238,
"2020-04-17 00:00:00",475704,
"2020-04-18 00:00:00",491492,
"2020-04-19 00:00:00",480387,
"2020-04-20 00:00:00",458254,
"2020-04-21 00:00:00",456459,
"2020-04-22 00:00:00",573938,
"2020-04-23 00:00:00",562374,
"2020-04-24 00:00:00",581626,
"2020-04-25 00:00:00",581831,
"2020-04-26 00:00:00",568204,
"2020-04-27 00:00:00",560824,
"2020-04-28 00:00:00",558204,
"2020-04-29 00:00:00",518053,
"2020-04-30 00:00:00",516565,
"2020-05-01 00:00:00",505404,
"2020-05-02 00:00:00",481598,
"2020-05-03 00:00:00",499738,
"2020-05-04 00:00:00",505949,
"2020-05-05 00:00:00",497528,
"2020-05-06 00:00:00",495199,
"2020-05-07 00:00:00",500753,
"2020-05-08 00:00:00",504529,
"2020-05-09 00:00:00",526081,
"2020-05-10 00:00:00",506627,
"2020-05-11 00:00:00",495045,
"2020-05-12 00:00:00",486374,
"2020-05-13 00:00:00",493738,
"2020-05-14 00:00:00",503740,
"2020-05-15 00:00:00",480226,
"2020-05-16 00:00:00",507640,
"2020-05-17 00:00:00",487848,
"2020-05-18 00:00:00",472825,
"2020-05-19 00:00:00",471867,
"2020-05-20 00:00:00",516299,
"2020-05-21 00:00:00",528707,
"2020-05-22 00:00:00",527297,
"2020-05-23 00:00:00",553620,
"2020-05-24 00:00:00",551966,
"2020-05-25 00:00:00",543158,
"2020-05-26 00:00:00",533813,
"2020-05-27 00:00:00",530444,
"2020-05-28 00:00:00",511520,
"2020-05-29 00:00:00",531660,
"2020-05-30 00:00:00",554821,
"2020-05-31 00:00:00",531298,
"2020-06-01 00:00:00",499612,
"2020-06-02 00:00:00",494188,
"2020-06-03 00:00:00",499154,
"2020-06-04 00:00:00",499208,
"2020-06-05 00:00:00",537617,
"2020-06-06 00:00:00",546782,
"2020-06-07 00:00:00",527883,
"2020-06-08 00:00:00",504249,
"2020-06-09 00:00:00",484384,
"2020-06-10 00:00:00",478455,
"2020-06-11 00:00:00",471404,
"2020-06-12 00:00:00",489859,
"2020-06-13 00:00:00",499110,
"2020-06-14 00:00:00",490243,
"2020-06-15 00:00:00",474875,
"2020-06-16 00:00:00",470299,
"2020-06-17 00:00:00",493971,
"2020-06-18 00:00:00",470307,
"2020-06-19 00:00:00",492998,
"2020-06-20 00:00:00",506989,
"2020-06-21 00:00:00",495109,
"2020-06-22 00:00:00",476207,
"2020-06-23 00:00:00",458075,
"2020-06-24 00:00:00",474288,
"2020-06-25 00:00:00",461921,
"2020-06-26 00:00:00",468640,
"2020-06-27 00:00:00",474347,
"2020-06-28 00:00:00",469812,
"2020-06-29 00:00:00",463642,
"2020-06-30 00:00:00",448053,
"2020-07-01 00:00:00",459555,
"2020-07-02 00:00:00",461131,
"2020-07-03 00:00:00",467796,
"2020-07-04 00:00:00",489778,
"2020-07-05 00:00:00",476409,
"2020-07-06 00:00:00",457287,
"2020-07-07 00:00:00",457916,
"2020-07-08 00:00:00",452210,
"2020-07-09 00:00:00",442628,
"2020-07-10 00:00:00",450141,
"2020-07-11 00:00:00",457976,
"2020-07-12 00:00:00",449756,
"2020-07-13 00:00:00",425626,
"2020-07-14 00:00:00",423564,
"2020-07-15 00:00:00",407534,
"2020-07-16 00:00:00",405138,
"2020-07-17 00:00:00",421350,
"2020-07-18 00:00:00",427521,
"2020-07-19 00:00:00",420289,
"2020-07-20 00:00:00",399078,
"2020-07-21 00:00:00",389836,
"2020-07-22 00:00:00",468605,
"2020-07-23 00:00:00",443326,
"2020-07-24 00:00:00",450139,
"2020-07-25 00:00:00",456707,
"2020-07-26 00:00:00",468927,
"2020-07-27 00:00:00",450134,
"2020-07-28 00:00:00",438898,
"2020-07-29 00:00:00",440850,
"2020-07-30 00:00:00",435739,
"2020-07-31 00:00:00",439395,
"2020-08-01 00:00:00",443567,
"2020-08-02 00:00:00",428602,
"2020-08-03 00:00:00",435052,
"2020-08-04 00:00:00",431096,
"2020-08-05 00:00:00",422748,
"2020-08-06 00:00:00",412002,
"2020-08-07 00:00:00",414644,
"2020-08-08 00:00:00",411710,
"2020-08-09 00:00:00",409260,
"2020-08-10 00:00:00",409096,
"2020-08-11 00:00:00",400251,
"2020-08-12 00:00:00",408258,
"2020-08-13 00:00:00",390387,
"2020-08-14 00:00:00",389832,
"2020-08-15 00:00:00",398581,
"2020-08-16 00:00:00",403074,
"2020-08-17 00:00:00",385415,
"2020-08-18 00:00:00",381194,
"2020-08-19 00:00:00",404238,
"2020-08-20 00:00:00",374551,
"2020-08-21 00:00:00",365580,
"2020-08-22 00:00:00",387996,
"2020-08-23 00:00:00",394152,
"2020-08-24 00:00:00",382923,
"2020-08-25 00:00:00",344249,
"2020-08-26 00:00:00",387287,
"2020-08-27 00:00:00",366992,
"2020-08-28 00:00:00",384352,
"2020-08-29 00:00:00",396935,
"2020-08-30 00:00:00",380766,
"2020-08-31 00:00:00",375181,
"2020-09-01 00:00:00",371684,
"2020-09-02 00:00:00",383191,
"2020-09-03 00:00:00",368720,
"2020-09-04 00:00:00",378164,
"2020-09-05 00:00:00",390307,
"2020-09-06 00:00:00",393525,
"2020-09-07 00:00:00",378482,
"2020-09-08 00:00:00",365664,
"2020-09-09 00:00:00",370187,
"2020-09-10 00:00:00",375901,
"2020-09-11 00:00:00",384260,
"2020-09-12 00:00:00",404149,
"2020-09-13 00:00:00",396628,
"2020-09-14 00:00:00",375115,
"2020-09-15 00:00:00",371233,
"2020-09-16 00:00:00",358110,
"2020-09-17 00:00:00",362854,
"2020-09-18 00:00:00",364565,
"2020-09-19 00:00:00",381798,
"2020-09-20 00:00:00",371398,
"2020-09-21 00:00:00",343759,
"2020-09-22 00:00:00",336952,
"2020-09-23 00:00:00",335062,
"2020-09-24 00:00:00",327058,
"2020-09-25 00:00:00",338744,
"2020-09-26 00:00:00",342838,
"2020-09-27 00:00:00",336556,
"2020-09-28 00:00:00",336222,
"2020-09-29 00:00:00",334691,
"2020-09-30 00:00:00",325135,
"2020-10-01 00:00:00",304349,
"2020-10-02 00:00:00",322535,
"2020-10-03 00:00:00",332403,
"2020-10-04 00:00:00",333706,
"2020-10-05 00:00:00",312145,
"2020-10-06 00:00:00",321536,
"2020-10-07 00:00:00",338371,
"2020-10-08 00:00:00",328207,
"2020-10-09 00:00:00",332041,
"2020-10-10 00:00:00",354872,
"2020-10-11 00:00:00",341001,
"2020-10-12 00:00:00",318080,
"2020-10-13 00:00:00",319650,
"2020-10-14 00:00:00",317312,
"2020-10-15 00:00:00",322090,
"2020-10-16 00:00:00",325227,
"2020-10-17 00:00:00",326320,
"2020-10-18 00:00:00",338658,
"2020-10-19 00:00:00",314156,
"2020-10-20 00:00:00",304894,
"2020-10-21 00:00:00",367499,
"2020-10-22 00:00:00",359911,
"2020-10-23 00:00:00",363319,
"2020-10-24 00:00:00",381079,
"2020-10-25 00:00:00",360700,
"2020-10-26 00:00:00",362304,
"2020-10-27 00:00:00",366312,
"2020-10-28 00:00:00",365878,
"2020-10-29 00:00:00",355108,
"2020-10-30 00:00:00",363275,
"2020-10-31 00:00:00",333173,
"2020-11-01 00:00:00",377047,
"2020-11-02 00:00:00",347125,
"2020-11-03 00:00:00",346450,
"2020-11-04 00:00:00",355278,
"2020-11-05 00:00:00",334974,
"2020-11-06 00:00:00",364611,
"2020-11-07 00:00:00",385002,
"2020-11-08 00:00:00",384175,
"2020-11-09 00:00:00",359602,
"2020-11-10 00:00:00",357919,
"2020-11-11 00:00:00",350719,
"2020-11-12 00:00:00",360353,
"2020-11-13 00:00:00",381217,
"2020-11-14 00:00:00",404048,
"2020-11-15 00:00:00",408172,
"2020-11-16 00:00:00",374680,
"2020-11-17 00:00:00",382107,
"2020-11-18 00:00:00",393675,
"2020-11-19 00:00:00",388209,
"2020-11-20 00:00:00",400441,
"2020-11-21 00:00:00",435473,
"2020-11-22 00:00:00",433839,
"2020-11-23 00:00:00",405145,
"2020-11-24 00:00:00",394582,
"2020-11-25 00:00:00",396957,
"2020-11-26 00:00:00",402714,
"2020-11-27 00:00:00",417104,
"2020-11-28 00:00:00",440877,
"2020-11-29 00:00:00",438119,
"2020-11-30 00:00:00",406080,
"2020-12-01 00:00:00",400859,
"2020-12-02 00:00:00",413921,
"2020-12-03 00:00:00",402951,
"2020-12-04 00:00:00",412461,
"2020-12-05 00:00:00",435718,
"2020-12-06 00:00:00",434478,
"2020-12-07 00:00:00",402995,
"2020-12-08 00:00:00",396208,
"2020-12-09 00:00:00",390512,
"2020-12-10 00:00:00",370749,
"2020-12-11 00:00:00",389069,
"2020-12-12 00:00:00",412664,
"2020-12-13 00:00:00",411293,
"2020-12-14 00:00:00",379089,
"2020-12-15 00:00:00",366717,
"2020-12-16 00:00:00",413505,
"2020-12-17 00:00:00",411777,
"2020-12-18 00:00:00",424603,
"2020-12-19 00:00:00",445857,
"2020-12-20 00:00:00",443468,
"2020-12-21 00:00:00",411781,
"2020-12-22 00:00:00",411995,
"2020-12-23 00:00:00",399264,
"2020-12-24 00:00:00",384577,
"2020-12-25 00:00:00",391729,
"2020-12-26 00:00:00",440637,
"2020-12-27 00:00:00",447894,
"2020-12-28 00:00:00",419305,
"2020-12-29 00:00:00",422479,
"2020-12-30 00:00:00",414897,
"2020-12-31 00:00:00",358893,
"2021-01-01 00:00:00",416747,
"2021-01-02 00:00:00",426721,
"2021-01-03 00:00:00",438959,
"2021-01-04 00:00:00",420318,
"2021-01-05 00:00:00",419119,
"2021-01-06 00:00:00",425430,
"2021-01-07 00:00:00",432574,
"2021-01-08 00:00:00",429530,
"2021-01-09 00:00:00",454324,
"2021-01-10 00:00:00",451649,
"2021-01-11 00:00:00",416055,
"2021-01-12 00:00:00",414614,
"2021-01-13 00:00:00",413897,
"2021-01-14 00:00:00",410936,
"2021-01-15 00:00:00",421204,
"2021-01-16 00:00:00",444153,
"2021-01-17 00:00:00",453629,
"2021-01-18 00:00:00",424562,
"2021-01-19 00:00:00",424118,
"2021-01-20 00:00:00",429872,
"2021-01-21 00:00:00",421397,
"2021-01-22 00:00:00",431689,
"2021-01-23 00:00:00",452989,
"2021-01-24 00:00:00",456784,
"2021-01-25 00:00:00",430231,
"2021-01-26 00:00:00",427413,
"2021-01-27 00:00:00",431708,
"2021-01-28 00:00:00",430954,
"2021-01-29 00:00:00",430294,
"2021-01-30 00:00:00",451631,
"2021-01-31 00:00:00",457281,
"2021-02-01 00:00:00",429621,
"2021-02-02 00:00:00",424040,
"2021-02-03 00:00:00",421649,
"2021-02-04 00:00:00",415688,
"2021-02-05 00:00:00",394483,
"2021-02-06 00:00:00",415745,
"2021-02-07 00:00:00",410402,
"2021-02-08 00:00:00",391746,
"2021-02-09 00:00:00",384591,
"2021-02-10 00:00:00",374636,
"2021-02-11 00:00:00",281878,
"2021-02-12 00:00:00",346770,
"2021-02-13 00:00:00",364886,
"2021-02-14 00:00:00",374450,
"2021-02-15 00:00:00",389632,
"2021-02-16 00:00:00",398518,
"2021-02-17 00:00:00",361572,
"2021-02-18 00:00:00",416467,
"2021-02-19 00:00:00",432598,
"2021-02-20 00:00:00",439571,
"2021-02-21 00:00:00",440972,
"2021-02-22 00:00:00",433439,
"2021-02-23 00:00:00",435736,
"2021-02-24 00:00:00",429928,
"2021-02-25 00:00:00",430872,
"2021-02-26 00:00:00",436835,
"2021-02-27 00:00:00",447430,
"2021-02-28 00:00:00",460071,
"2021-03-01 00:00:00",436014,
"2021-03-02 00:00:00",429068,
"2021-03-03 00:00:00",425257,
"2021-03-04 00:00:00",421918,
"2021-03-05 00:00:00",444052,
"2021-03-06 00:00:00",462347,
"2021-03-07 00:00:00",451829,
"2021-03-08 00:00:00",418039,
"2021-03-09 00:00:00",413354,
"2021-03-10 00:00:00",384359,
"2021-03-11 00:00:00",421501,
"2021-03-12 00:00:00",450496,
"2021-03-13 00:00:00",454613,
"2021-03-14 00:00:00",442758,
"2021-03-15 00:00:00",422559,
"2021-03-16 00:00:00",419658,
"2021-03-17 00:00:00",415407,
"2021-03-18 00:00:00",445227,
"2021-03-19 00:00:00",467758,
"2021-03-20 00:00:00",462232,
"2021-03-21 00:00:00",466356,
"2021-03-22 00:00:00",430104,
"2021-03-23 00:00:00",421849,
"2021-03-24 00:00:00",402118,
"2021-03-25 00:00:00",403281,
"2021-03-26 00:00:00",430868,
"2021-03-27 00:00:00",428391,
"2021-03-28 00:00:00",406055,
"2021-03-29 00:00:00",408211,
"2021-03-30 00:00:00",408004,
"2021-03-31 00:00:00",435475,
"2021-04-01 00:00:00",438258,
"2021-04-02 00:00:00",451952,
"2021-04-03 00:00:00",454912,
"2021-04-04 00:00:00",458345,
"2021-04-05 00:00:00",438287,
"2021-04-06 00:00:00",419519,
"2021-04-07 00:00:00",416735,
"2021-04-08 00:00:00",408832,
"2021-04-09 00:00:00",431349,
"2021-04-10 00:00:00",448948,
"2021-04-11 00:00:00",443757,
"2021-04-12 00:00:00",408524,
"2021-04-13 00:00:00",384902,
"2021-04-14 00:00:00",409742,
"2021-04-15 00:00:00",387987,
"2021-04-16 00:00:00",413188,
"2021-04-17 00:00:00",418899,
"2021-04-18 00:00:00",404780,
"2021-04-19 00:00:00",383635,
"2021-04-20 00:00:00",372970,
"2021-04-21 00:00:00",385074,
"2021-04-22 00:00:00",382116,
"2021-04-23 00:00:00",412187,
"2021-04-24 00:00:00",409347,
"2021-04-25 00:00:00",405998,
"2021-04-26 00:00:00",382315,
"2021-04-27 00:00:00",377525,
"2021-04-28 00:00:00",395897,
"2021-04-29 00:00:00",387764,
"2021-04-30 00:00:00",383798,
"2021-05-01 00:00:00",368599,
"2021-05-02 00:00:00",374847,
"2021-05-03 00:00:00",382627,
"2021-05-04 00:00:00",399320,
"2021-05-05 00:00:00",399850,
"2021-05-06 00:00:00",389252,
"2021-05-07 00:00:00",401113,
"2021-05-08 00:00:00",418917,
"2021-05-09 00:00:00",393069,
"2021-05-10 00:00:00",387681,
"2021-05-11 00:00:00",379741,
"2021-05-12 00:00:00",384783,
"2021-05-13 00:00:00",383527,
"2021-05-14 00:00:00",403406,
"2021-05-15 00:00:00",419509,
"2021-05-16 00:00:00",412401,
"2021-05-17 00:00:00",386143,
"2021-05-18 00:00:00",391654,
"2021-05-19 00:00:00",384241,
"2021-05-20 00:00:00",354763,
"2021-05-21 00:00:00",369018,
"2021-05-22 00:00:00",400235,
"2021-05-23 00:00:00",385756,
"2021-05-24 00:00:00",389897,
"2021-05-25 00:00:00",387505,
"2021-05-26 00:00:00",399055,
"2021-05-27 00:00:00",391255,
"2021-05-28 00:00:00",398299,
"2021-05-29 00:00:00",411161,
"2021-05-30 00:00:00",396742,
"2021-05-31 00:00:00",377825,
"2021-06-01 00:00:00",364870,
"2021-06-02 00:00:00",413576,
"2021-06-03 00:00:00",416239,
"2021-06-04 00:00:00",421077,
"2021-06-05 00:00:00",431012,
"2021-06-06 00:00:00",420950,
"2021-06-07 00:00:00",396295,
"2021-06-08 00:00:00",395550,
"2021-06-09 00:00:00",394818,
"2021-06-10 00:00:00",390075,
"2021-06-11 00:00:00",395110,
"2021-06-12 00:00:00",393578,
"2021-06-13 00:00:00",398598,
"2021-06-14 00:00:00",393727,
"2021-06-15 00:00:00",378535,
"2021-06-16 00:00:00",374559,
"2021-06-17 00:00:00",364646,
"2021-06-18 00:00:00",380337,
"2021-06-19 00:00:00",381119,
"2021-06-20 00:00:00",377065,
"2021-06-21 00:00:00",365077,
"2021-06-22 00:00:00",359676,
"2021-06-23 00:00:00",359262,
"2021-06-24 00:00:00",362019,
"2021-06-25 00:00:00",377699,
"2021-06-26 00:00:00",384192,
"2021-06-27 00:00:00",378630,
"2021-06-28 00:00:00",369933,
"2021-06-29 00:00:00",373893,
"2021-06-30 00:00:00",372133,
"2021-07-01 00:00:00",374799,
"2021-07-02 00:00:00",398307,
"2021-07-03 00:00:00",404319,
"2021-07-04 00:00:00",395824,
"2021-07-05 00:00:00",378648,
"2021-07-06 00:00:00",375624,
"2021-07-07 00:00:00",413414,
"2021-07-08 00:00:00",398363,
"2021-07-09 00:00:00",401500,
"2021-07-10 00:00:00",412815,
"2021-07-11 00:00:00",410019,
"2021-07-12 00:00:00",382769,
"2021-07-13 00:00:00",389784,
"2021-07-14 00:00:00",386456,
"2021-07-15 00:00:00",383892,
"2021-07-16 00:00:00",398253,
"2021-07-17 00:00:00",403070,
"2021-07-18 00:00:00",401529,
"2021-07-19 00:00:00",389722,
"2021-07-20 00:00:00",377131,
"2021-07-21 00:00:00",383292,
"2021-07-22 00:00:00",375771,
"2021-07-23 00:00:00",385766,
"2021-07-24 00:00:00",393318,
"2021-07-25 00:00:00",396804,
"2021-07-26 00:00:00",385404,
"2021-07-27 00:00:00",372518,
"2021-07-28 00:00:00",385804,
"2021-07-29 00:00:00",381805,
"2021-07-30 00:00:00",383674,
"2021-07-31 00:00:00",386898,
"2021-08-01 00:00:00",381960,
"2021-08-02 00:00:00",373780,
"2021-08-03 00:00:00",363946,
"2021-08-04 00:00:00",393195,
"2021-08-05 00:00:00",408750,
"2021-08-06 00:00:00",413380,
"2021-08-07 00:00:00",416393,
"2021-08-08 00:00:00",414164,
"2021-08-09 00:00:00",403277,
"2021-08-10 00:00:00",429774,
"2021-08-11 00:00:00",444442,
"2021-08-12 00:00:00",432470,
"2021-08-13 00:00:00",426415,
"2021-08-14 00:00:00",406819,
"2021-08-15 00:00:00",431295,
"2021-08-16 00:00:00",405600,
"2021-08-17 00:00:00",316791,
"2021-08-18 00:00:00",376843,
"2021-08-19 00:00:00",367735,
"2021-08-20 00:00:00",388254,
"2021-08-21 00:00:00",398024,
"2021-08-22 00:00:00",394497,
"2021-08-23 00:00:00",387539,
"2021-08-24 00:00:00",387266,
"2021-08-25 00:00:00",379443,
"2021-08-26 00:00:00",377261,
"2021-08-27 00:00:00",384586,
"2021-08-28 00:00:00",393691,
"2021-08-29 00:00:00",384649,
"2021-08-30 00:00:00",381883,
"2021-08-31 00:00:00",377962,
"2021-09-01 00:00:00",372900,
"2021-09-02 00:00:00",364825,
"2021-09-03 00:00:00",384282,
"2021-09-04 00:00:00",400709,
"2021-09-05 00:00:00",389126,
"2021-09-06 00:00:00",366029,
"2021-09-07 00:00:00",349998,
"2021-09-08 00:00:00",370526,
"2021-09-09 00:00:00",362083,
"2021-09-10 00:00:00",371311,
"2021-09-11 00:00:00",384242,
"2021-09-12 00:00:00",371851,
"2021-09-13 00:00:00",355271,
"2021-09-14 00:00:00",353151,
"2021-09-15 00:00:00",356156,
"2021-09-16 00:00:00",357308,
"2021-09-17 00:00:00",371708,
"2021-09-18 00:00:00",375265,
"2021-09-19 00:00:00",382426,
"2021-09-20 00:00:00",374697,
"2021-09-21 00:00:00",355425,
"2021-09-22 00:00:00",364982,
"2021-09-23 00:00:00",356971,
"2021-09-24 00:00:00",377103,
"2021-09-25 00:00:00",365949,
"2021-09-26 00:00:00",342079,
"2021-09-27 00:00:00",337765,
"2021-09-28 00:00:00",324410,
"2021-09-29 00:00:00",334074,
"2021-09-30 00:00:00",329057,
"2021-10-01 00:00:00",331054,
"2021-10-02 00:00:00",333166,
"2021-10-03 00:00:00",337804,
"2021-10-04 00:00:00",342437,
"2021-10-05 00:00:00",341912,
"2021-10-06 00:00:00",377217,
"2021-10-07 00:00:00",370964,
"2021-10-08 00:00:00",370381,
"2021-10-09 00:00:00",393772,
"2021-10-10 00:00:00",389449,
"2021-10-11 00:00:00",342617,
"2021-10-12 00:00:00",328692,
"2021-10-13 00:00:00",322666,
"2021-10-14 00:00:00",325030,
"2021-10-15 00:00:00",334994,
"2021-10-16 00:00:00",347298,
"2021-10-17 00:00:00",331260,
"2021-10-18 00:00:00",309353,
"2021-10-19 00:00:00",316872,
"2021-10-20 00:00:00",336676,
"2021-10-21 00:00:00",324161,
"2021-10-22 00:00:00",328114,
"2021-10-23 00:00:00",334657,
"2021-10-24 00:00:00",335468,
"2021-10-25 00:00:00",315807,
"2021-10-26 00:00:00",317576,
"2021-10-27 00:00:00",323384,
"2021-10-28 00:00:00",325421,
"2021-10-29 00:00:00",335193,
"2021-10-30 00:00:00",330768,
"2021-10-31 00:00:00",318334,
"2021-11-01 00:00:00",319162,
"2021-11-02 00:00:00",311414,
"2021-11-03 00:00:00",297475,
"2021-11-04 00:00:00",298593,
"2021-11-05 00:00:00",317158,
"2021-11-06 00:00:00",261062,
"2021-11-07 00:00:00",328192,
"2021-11-08 00:00:00",293759,
"2021-11-09 00:00:00",286248,
"2021-11-10 00:00:00",286167,
"2021-11-11 00:00:00",282120,
"2021-11-12 00:00:00",313709,
"2021-11-13 00:00:00",331588,
"2021-11-14 00:00:00",327718,
"2021-11-15 00:00:00",304020,
"2021-11-16 00:00:00",298752,
"2021-11-17 00:00:00",302177,
"2021-11-18 00:00:00",300255,
"2021-11-19 00:00:00",304479,
"2021-11-20 00:00:00",329843,
"2021-11-21 00:00:00",332963,
"2021-11-22 00:00:00",311004,
"2021-11-23 00:00:00",300410,
"2021-11-24 00:00:00",309369,
"2021-11-25 00:00:00",305952,
"2021-11-26 00:00:00",329397,
"2021-11-27 00:00:00",341570,
"2021-11-28 00:00:00",344841,
"2021-11-29 00:00:00",323965,
"2021-11-30 00:00:00",318236,
"2021-12-01 00:00:00",323237,
"2021-12-02 00:00:00",323152,
"2021-12-03 00:00:00",346402,
"2021-12-04 00:00:00",359198,
"2021-12-05 00:00:00",358776,
"2021-12-06 00:00:00",332716,
"2021-12-07 00:00:00",330218,
"2021-12-08 00:00:00",332319,
"2021-12-09 00:00:00",333090,
"2021-12-10 00:00:00",358729,
"2021-12-11 00:00:00",363651,
"2021-12-12 00:00:00",366455,
"2021-12-13 00:00:00",341871,
"2021-12-14 00:00:00",334295,
"2021-12-15 00:00:00",334295,
"2021-12-16 00:00:00",320240,
"2021-12-17 00:00:00",339944,
"2021-12-18 00:00:00",344591,
"2021-12-19 00:00:00",335726,
"2021-12-20 00:00:00",325213,
"2021-12-21 00:00:00",325776,
"2021-12-22 00:00:00",331114,
"2021-12-23 00:00:00",322298,
"2021-12-24 00:00:00",325149,
"2021-12-25 00:00:00",333724,
"2021-12-26 00:00:00",340260,
"2021-12-27 00:00:00",328271,
"2021-12-28 00:00:00",325726,
"2021-12-29 00:00:00",321938,
"2021-12-30 00:00:00",317979,
"2021-12-31 00:00:00",279623,
"2022-01-01 00:00:00",325101,
"2022-01-02 00:00:00",346215,
"2022-01-03 00:00:00",336367,
"2022-01-04 00:00:00",331819,
"2022-01-05 00:00:00",333813,
"2022-01-06 00:00:00",331935,
"2022-01-07 00:00:00",337494,
"2022-01-08 00:00:00",356557,
"2022-01-09 00:00:00",351766,
"2022-01-10 00:00:00",318253,
"2022-01-11 00:00:00",22055,
"2022-01-12 00:00:00",668706,
"2022-01-13 00:00:00",625564,
"2022-01-14 00:00:00",657135,
"2022-01-15 00:00:00",691794,
"2022-01-16 00:00:00",699792,
"2022-01-17 00:00:00",598428,
"2022-01-18 00:00:00",576680,
"2022-01-19 00:00:00",567516,
"2022-01-20 00:00:00",528575,
"2022-01-21 00:00:00",547706,
"2022-01-22 00:00:00",595781,
"2022-01-23 00:00:00",604711,
"2022-01-24 00:00:00",526863,
"2022-01-25 00:00:00",505694,
"2022-01-26 00:00:00",515678,
"2022-01-27 00:00:00",489753,
"2022-01-28 00:00:00",492345,
"2022-01-29 00:00:00",495759,
"2022-01-30 00:00:00",477696,
"2022-01-31 00:00:00",346254,
"2022-02-01 00:00:00",397262,
"2022-02-02 00:00:00",407619,
"2022-02-03 00:00:00",415508,
"2022-02-04 00:00:00",422878,
"2022-02-05 00:00:00",457191,
"2022-02-06 00:00:00",481932,
"2022-02-07 00:00:00",461305,
"2022-02-08 00:00:00",468317,
"2022-02-09 00:00:00",467435,
"2022-02-10 00:00:00",461856,
"2022-02-11 00:00:00",491760,
"2022-02-12 00:00:00",515551,
"2022-02-13 00:00:00",522447,
"2022-02-14 00:00:00",442296,
"2022-02-15 00:00:00",458401,
"2022-02-16 00:00:00",483587,
"2022-02-17 00:00:00",487746,
"2022-02-18 00:00:00",505977,
"2022-02-19 00:00:00",532115,
"2022-02-20 00:00:00",529134,
"2022-02-21 00:00:00",492578,
"2022-02-22 00:00:00",489072,
"2022-02-23 00:00:00",516443,
"2022-02-24 00:00:00",469031,
"2022-02-25 00:00:00",498762,
"2022-02-26 00:00:00",517585,
"2022-02-27 00:00:00",514654,
"2022-02-28 00:00:00",473313,
"2022-03-01 00:00:00",468649,
"2022-03-02 00:00:00",466001,
"2022-03-03 00:00:00",472648,
"2022-03-04 00:00:00",490902,
"2022-03-05 00:00:00",509627,
"2022-03-06 00:00:00",503148,
"2022-03-07 00:00:00",466143,
"2022-03-08 00:00:00",454552,
"2022-03-09 00:00:00",451633,
"2022-03-10 00:00:00",451752,
"2022-03-11 00:00:00",482055,
"2022-03-12 00:00:00",499034,
"2022-03-13 00:00:00",490467,
"2022-03-14 00:00:00",446017,
"2022-03-15 00:00:00",440756,
"2022-03-16 00:00:00",405236,
"2022-03-17 00:00:00",485385,
"2022-03-18 00:00:00",506435,
"2022-03-19 00:00:00",533702,
"2022-03-20 00:00:00",528270,
"2022-03-21 00:00:00",492352,
"2022-03-22 00:00:00",467040,
"2022-03-23 00:00:00",499580,
"2022-03-24 00:00:00",477218,
"2022-03-25 00:00:00",512632,
"2022-03-26 00:00:00",536252,
"2022-03-27 00:00:00",523928,
"2022-03-28 00:00:00",487644,
"2022-03-29 00:00:00",483450,
"2022-03-30 00:00:00",504990,
"2022-03-31 00:00:00",500106,
"2022-04-01 00:00:00",523475,
"2022-04-02 00:00:00",527621,
"2022-04-03 00:00:00",526974,
"2022-04-04 00:00:00",498963,
"2022-04-05 00:00:00",482048,
"2022-04-06 00:00:00",462482,
"2022-04-07 00:00:00",448712,
"2022-04-08 00:00:00",469750,
"2022-04-09 00:00:00",511447,
"2022-04-10 00:00:00",491050,
"2022-04-11 00:00:00",443687,
"2022-04-12 00:00:00",447530,
"2022-04-13 00:00:00",487174,
"2022-04-14 00:00:00",483777,
"2022-04-15 00:00:00",510222,
"2022-04-16 00:00:00",524023,
"2022-04-17 00:00:00",518720,
"2022-04-18 00:00:00",482960,
"2022-04-19 00:00:00",465294,
"2022-04-20 00:00:00",461703,
"2022-04-21 00:00:00",455394,
"2022-04-22 00:00:00",478732,
"2022-04-23 00:00:00",480207,
"2022-04-24 00:00:00",481521,
"2022-04-25 00:00:00",450479,
"2022-04-26 00:00:00",442423,
"2022-04-27 00:00:00",448870,
"2022-04-28 00:00:00",447273,
"2022-04-29 00:00:00",455322,
"2022-04-30 00:00:00",470430,
"2022-05-01 00:00:00",467271,
"2022-05-02 00:00:00",445167,
"2022-05-03 00:00:00",451653,
"2022-05-04 00:00:00",439176,
"2022-05-05 00:00:00",441946,
"2022-05-06 00:00:00",431607,
"2022-05-07 00:00:00",470056,
"2022-05-08 00:00:00",463782,
"2022-05-09 00:00:00",442090,
"2022-05-10 00:00:00",431128,
"2022-05-11 00:00:00",447497,
"2022-05-12 00:00:00",438767,
"2022-05-13 00:00:00",431497,
"2022-05-14 00:00:00",442394,
"2022-05-15 00:00:00",433331,
"2022-05-16 00:00:00",405220,
"2022-05-17 00:00:00",407292,
"2022-05-18 00:00:00",386083,
"2022-05-19 00:00:00",404809,
"2022-05-20 00:00:00",371394,
"2022-05-21 00:00:00",408363,
"2022-05-22 00:00:00",420015,
"2022-05-23 00:00:00",390308,
"2022-05-24 00:00:00",377483,
"2022-05-25 00:00:00",402940,
"2022-05-26 00:00:00",406847,
"2022-05-27 00:00:00",420024,
"2022-05-28 00:00:00",434814,
"2022-05-29 00:00:00",425461,
"2022-05-30 00:00:00",397136,
"2022-05-31 00:00:00",392725,
"2022-06-01 00:00:00",381537,
"2022-06-02 00:00:00",391474,
"2022-06-03 00:00:00",389028,
"2022-06-04 00:00:00",406250,
"2022-06-05 00:00:00",414321,
"2022-06-06 00:00:00",388002,
"2022-06-07 00:00:00",374777,
"2022-06-08 00:00:00",392649,
"2022-06-09 00:00:00",364795,
"2022-06-10 00:00:00",386700,
"2022-06-11 00:00:00",411873,
"2022-06-12 00:00:00",407132,
"2022-06-13 00:00:00",381387,
"2022-06-14 00:00:00",367516,
"2022-06-15 00:00:00",363510,
"2022-06-16 00:00:00",354932,
"2022-06-17 00:00:00",362452,
"2022-06-18 00:00:00",381560,
"2022-06-19 00:00:00",383652,
"2022-06-20 00:00:00",368747,
"2022-06-21 00:00:00",362216,
"2022-06-22 00:00:00",374635,
"2022-06-23 00:00:00",360953,
"2022-06-24 00:00:00",365130,
"2022-06-25 00:00:00",371579,
"2022-06-26 00:00:00",381940,
"2022-06-27 00:00:00",359978,
"2022-06-28 00:00:00",353383,
"2022-06-29 00:00:00",350926,
"2022-06-30 00:00:00",343915,
"2022-07-01 00:00:00",352725,
"2022-07-02 00:00:00",365016,
"2022-07-03 00:00:00",367218,
"2022-07-04 00:00:00",345422,
"2022-07-05 00:00:00",336162,
"2022-07-06 00:00:00",325018,
"2022-07-07 00:00:00",321339,
"2022-07-08 00:00:00",323313,
"2022-07-09 00:00:00",336560,
"2022-07-10 00:00:00",336046,
"2022-07-11 00:00:00",324044,
"2022-07-12 00:00:00",317500,
"2022-07-13 00:00:00",394124,
"2022-07-14 00:00:00",378465,
"2022-07-15 00:00:00",377330,
"2022-07-16 00:00:00",390006,
"2022-07-17 00:00:00",391820,
"2022-07-18 00:00:00",370958,
"2022-07-19 00:00:00",370956,
"2022-07-20 00:00:00",368841,
"2022-07-21 00:00:00",366042,
"2022-07-22 00:00:00",377501,
"2022-07-23 00:00:00",381204,
"2022-07-24 00:00:00",378491,
"2022-07-25 00:00:00",357827,
"2022-07-26 00:00:00",352756,
"2022-07-27 00:00:00",366739,
"2022-07-28 00:00:00",361132,
"2022-07-29 00:00:00",365361,
"2022-07-30 00:00:00",378838,
"2022-07-31 00:00:00",378684,
"2022-08-01 00:00:00",364301,
"2022-08-02 00:00:00",356071,
"2022-08-03 00:00:00",360837,
"2022-08-04 00:00:00",332331,
"2022-08-05 00:00:00",374795,
"2022-08-06 00:00:00",376811,
"2022-08-07 00:00:00",377786,
"2022-08-08 00:00:00",375188,
"2022-08-09 00:00:00",374224,
"2022-08-10 00:00:00",379136,
"2022-08-11 00:00:00",373309,
"2022-08-12 00:00:00",385794,
"2022-08-13 00:00:00",383900,
"2022-08-14 00:00:00",392789,
"2022-08-15 00:00:00",387832,
"2022-08-16 00:00:00",376576,
"2022-08-17 00:00:00",375145,
"2022-08-18 00:00:00",370162,
"2022-08-19 00:00:00",373948,
"2022-08-20 00:00:00",384543,
"2022-08-21 00:00:00",385301,
"2022-08-22 00:00:00",367958,
"2022-08-23 00:00:00",366593,
"2022-08-24 00:00:00",375165,
"2022-08-25 00:00:00",369124,
"2022-08-26 00:00:00",376915,
"2022-08-27 00:00:00",390882,
"2022-08-28 00:00:00",396248,
"2022-08-29 00:00:00",373687,
"2022-08-30 00:00:00",374390,
"2022-08-31 00:00:00",373729,
"2022-09-01 00:00:00",359858,
"2022-09-02 00:00:00",375989,
"2022-09-03 00:00:00",398251,
"2022-09-04 00:00:00",391887,
"2022-09-05 00:00:00",375798,
"2022-09-06 00:00:00",374434,
"2022-09-07 00:00:00",408731,
"2022-09-08 00:00:00",406459,
"2022-09-09 00:00:00",413251,
"2022-09-10 00:00:00",412853,
"2022-09-11 00:00:00",442131,
"2022-09-12 00:00:00",423516,
"2022-09-13 00:00:00",425046,
"2022-09-14 00:00:00",422697,
"2022-09-15 00:00:00",419073,
"2022-09-16 00:00:00",433211,
"2022-09-17 00:00:00",450209,
"2022-09-18 00:00:00",450560,
"2022-09-19 00:00:00",415148,
"2022-09-20 00:00:00",400440,
"2022-09-21 00:00:00",411321,
"2022-09-22 00:00:00",398820,
"2022-09-23 00:00:00",412428,192491
"2022-09-24 00:00:00",448831,222718
"2022-09-25 00:00:00",428278,219810
"2022-09-26 00:00:00",395133,180380
"2022-09-27 00:00:00",388139,176101
"2022-09-28 00:00:00",401459,182987
"2022-09-29 00:00:00",395224,184232
"2022-09-30 00:00:00",396705,198022
"2022-10-01 00:00:00",398806,220380
"2022-10-02 00:00:00",407496,224871
"2022-10-03 00:00:00",400571,215058
"2022-10-04 00:00:00",395381,201886
"2022-10-05 00:00:00",407002,207261
"2022-10-06 00:00:00",408948,207901
"2022-10-07 00:00:00",400992,203569
"2022-10-08 00:00:00",397738,192781
"2022-10-09 00:00:00",410712,199384
"2022-10-10 00:00:00",380974,179948
"2022-10-11 00:00:00",369054,170934
"2022-10-12 00:00:00",382014,143784
"2022-10-13 00:00:00",373752,168072
"2022-10-14 00:00:00",385773,179336
"2022-10-15 00:00:00",428676,217440
"2022-10-16 00:00:00",423688,219708
"2022-10-17 00:00:00",391409,179940
"2022-10-18 00:00:00",394335,182181
"2022-10-19 00:00:00",404972,184182
"2022-10-20 00:00:00",402150,184391
"2022-10-21 00:00:00",421500,200474
"2022-10-22 00:00:00",436427,226501
"2022-10-23 00:00:00",442148,226982
"2022-10-24 00:00:00",413816,189576
"2022-10-25 00:00:00",408368,187363
"2022-10-26 00:00:00",430987,182331
"2022-10-27 00:00:00",411800,190977
"2022-10-28 00:00:00",423225,197868
"2022-10-29 00:00:00",425808,219849
"2022-10-30 00:00:00",420410,213137
"2022-10-31 00:00:00",384565,171461
"2022-11-01 00:00:00",372940,170960
"2022-11-02 00:00:00",364352,169527
"2022-11-03 00:00:00",370146,168163
"2022-11-04 00:00:00",386603,179801
"2022-11-05 00:00:00",408861,200608
"2022-11-06 00:00:00",400760,201927
"2022-11-07 00:00:00",368563,166350
"2022-11-08 00:00:00",364509,164733
"2022-11-09 00:00:00",387006,129823
"2022-11-10 00:00:00",377660,172491
"2022-11-11 00:00:00",390387,185184
"2022-11-12 00:00:00",416178,213530
"2022-11-13 00:00:00",425446,217196
"2022-11-14 00:00:00",391603,177669
"2022-11-15 00:00:00",399547,177118
"2022-11-16 00:00:00",401592,176862
"2022-11-17 00:00:00",377558,173435
"2022-11-18 00:00:00",385306,185917
"2022-11-19 00:00:00",407561,212500
"2022-11-20 00:00:00",402620,214182
"2022-11-21 00:00:00",367969,177444
"2022-11-22 00:00:00",387606,176230
"2022-11-23 00:00:00",378544,169057
"2022-11-24 00:00:00",361110,178511
"2022-11-25 00:00:00",403752,190180
"2022-11-26 00:00:00",425493,218050
"2022-11-27 00:00:00",426437,214601
"2022-11-28 00:00:00",383954,184157
"2022-11-29 00:00:00",398754,181377
"2022-11-30 00:00:00",402539,181501
"2022-12-01 00:00:00",394241,177630
"2022-12-02 00:00:00",406495,184620
"2022-12-03 00:00:00",429284,211946
"2022-12-04 00:00:00",441051,217493
"2022-12-05 00:00:00",404208,192101
"2022-12-06 00:00:00",588540,203796
"2022-12-07 00:00:00",474771,217062
"2022-12-08 00:00:00",457946,212030
"2022-12-09 00:00:00",460759,217278
"2022-12-10 00:00:00",481212,240523
"2022-12-11 00:00:00",469900,238000
"2022-12-12 00:00:00",436722,201111
"2022-12-13 00:00:00",434485,200364
"2022-12-14 00:00:00",422239,189318
"2022-12-15 00:00:00",422232,192821
"2022-12-16 00:00:00",435474,206579
"2022-12-17 00:00:00",446448,227673
"2022-12-18 00:00:00",446505,226628
"2022-12-19 00:00:00",413547,198348
"2022-12-20 00:00:00",412682,198696
"2022-12-21 00:00:00",416735,184378
"2022-12-22 00:00:00",409057,197923
"2022-12-23 00:00:00",435004,212083
"2022-12-24 00:00:00",438378,224635
"2022-12-25 00:00:00",448870,233027
"2022-12-26 00:00:00",450603,223694
"2022-12-27 00:00:00",450452,224857
"2022-12-28 00:00:00",456651,224904
"2022-12-29 00:00:00",458389,225669
"2022-12-30 00:00:00",471474,238804
"2022-12-31 00:00:00",412637,232580
"2023-01-01 00:00:00",469605,242695
"2023-01-02 00:00:00",459968,234473
"2023-01-03 00:00:00",445340,206416
"2023-01-04 00:00:00",435676,199444
"2023-01-05 00:00:00",424253,197177
"2023-01-06 00:00:00",433290,201245
"2023-01-07 00:00:00",439944,222109
"2023-01-08 00:00:00",450151,223851
"2023-01-09 00:00:00",419905,194107
"2023-01-10 00:00:00",421796,196496
"2023-01-11 00:00:00",407363,190917
"2023-01-12 00:00:00",379376,181677
"2023-01-13 00:00:00",380747,190956
"2023-01-14 00:00:00",392048,206749
"2023-01-15 00:00:00",397968,208740
"2023-01-16 00:00:00",357451,180132
"2023-01-17 00:00:00",351687,179260
"2023-01-18 00:00:00",385352,157758
"2023-01-19 00:00:00",384284,207920
"2023-01-20 00:00:00",371904,204054
"2023-01-21 00:00:00",302416,188102
"2023-01-22 00:00:00",355811,204372
"2023-01-23 00:00:00",345363,196292
"2023-01-24 00:00:00",351730,205175
"2023-01-25 00:00:00",351002,196552
"2023-01-26 00:00:00",365017,208324
"2023-01-27 00:00:00",384648,214809
"2023-01-28 00:00:00",417487,223636
"2023-01-29 00:00:00",434929,227299
"2023-01-30 00:00:00",416457,210369
"2023-01-31 00:00:00",413911,207980
"2023-02-01 00:00:00",420356,194625
"2023-02-02 00:00:00",422465,209284
"2023-02-03 00:00:00",437805,222105
"2023-02-04 00:00:00",447634,243369
"2023-02-05 00:00:00",447327,236251
"2023-02-06 00:00:00",437883,209956
"2023-02-07 00:00:00",437719,208735
"2023-02-08 00:00:00",442848,208824
"2023-02-09 00:00:00",442933,213611
"2023-02-10 00:00:00",442274,217846
"2023-02-11 00:00:00",452934,239814
"2023-02-12 00:00:00",475898,247340
"2023-02-13 00:00:00",450918,218008
"2023-02-14 00:00:00",401044,199691
"2023-02-15 00:00:00",440878,160598
"2023-02-16 00:00:00",452174,210758
"2023-02-17 00:00:00",459867,226182
"2023-02-18 00:00:00",472050,248022
"2023-02-19 00:00:00",491514,256923
"2023-02-20 00:00:00",462704,218580
"2023-02-21 00:00:00",461774,216761
"2023-02-22 00:00:00",470856,221961
"2023-02-23 00:00:00",471102,223608
"2023-02-24 00:00:00",464510,228658
"2023-02-25 00:00:00",466608,245621
"2023-02-26 00:00:00",480656,249388
"2023-02-27 00:00:00",451877,209910
"2023-02-28 00:00:00",448101,196101
"2023-03-01 00:00:00",430498,201199
"2023-03-02 00:00:00",420841,196465
"2023-03-03 00:00:00",430024,203132
"2023-03-04 00:00:00",449724,232669
"2023-03-05 00:00:00",449807,233307
"2023-03-06 00:00:00",410580,190509
"2023-03-07 00:00:00",400425,188267
"2023-03-08 00:00:00",395089,182954
"2023-03-09 00:00:00",394802,184877
"2023-03-10 00:00:00",407817,197611
"2023-03-11 00:00:00",429297,226389
"2023-03-12 00:00:00",440391,229507
"2023-03-13 00:00:00",402893,184008
"2023-03-14 00:00:00",391575,178583
"2023-03-15 00:00:00",440527,145747
"2023-03-16 00:00:00",437773,200644
"2023-03-17 00:00:00",445050,214287
"2023-03-18 00:00:00",458778,242042
"2023-03-19 00:00:00",459574,240540
"2023-03-20 00:00:00",431449,196600
"2023-03-21 00:00:00",422236,196545
"2023-03-22 00:00:00",421530,199525
"2023-03-23 00:00:00",436524,199442
"2023-03-24 00:00:00",438999,206732
"2023-03-25 00:00:00",454795,238267
"2023-03-26 00:00:00",453831,236837
"2023-03-27 00:00:00",428019,196235
"2023-03-28 00:00:00",418412,192882
"2023-03-29 00:00:00",410443,170685
"2023-03-30 00:00:00",405635,184989
"2023-03-31 00:00:00",410630,199954
"2023-04-01 00:00:00",415393,219690
"2023-04-02 00:00:00",418254,221196
"2023-04-03 00:00:00",412696,190819
"2023-04-04 00:00:00",446381,210908
"2023-04-05 00:00:00",430067,224322
"2023-04-06 00:00:00",402293,186269
"2023-04-07 00:00:00",408583,193167
"2023-04-08 00:00:00",409072,209759
"2023-04-09 00:00:00",405469,208774
"2023-04-10 00:00:00",389353,181418
"2023-04-11 00:00:00",379113,176034
"2023-04-12 00:00:00",400679,143359
"2023-04-13 00:00:00",409715,182551
"2023-04-14 00:00:00",417656,198505
"2023-04-15 00:00:00",425625,226709
"2023-04-16 00:00:00",428565,227120
"2023-04-17 00:00:00",404192,189145
"2023-04-18 00:00:00",402667,189263
"2023-04-19 00:00:00",406334,192793
"2023-04-20 00:00:00",398514,184636
"2023-04-21 00:00:00",413248,200498
"2023-04-22 00:00:00",418448,217878
"2023-04-23 00:00:00",444868,219434
"2023-04-24 00:00:00",420868,194825
"2023-04-25 00:00:00",408961,190359
"2023-04-26 00:00:00",398930,166415
"2023-04-27 00:00:00",375439,176055
"2023-04-28 00:00:00",373111,193068
"2023-04-29 00:00:00",359031,210028
"2023-04-30 00:00:00",354311,212803
"2023-05-01 00:00:00",353566,210031
"2023-05-02 00:00:00",347250,197025
"2023-05-03 00:00:00",362682,188708
"2023-05-04 00:00:00",387072,184937
"2023-05-05 00:00:00",394050,193970
"2023-05-06 00:00:00",415868,210109
"2023-05-07 00:00:00",408035,220134
"2023-05-08 00:00:00",402866,188161
"2023-05-09 00:00:00",401447,182691
"2023-05-10 00:00:00",386966,173622
"2023-05-11 00:00:00",379755,174490
"2023-05-12 00:00:00",383830,185715
"2023-05-13 00:00:00",393810,210899
"2023-05-14 00:00:00",394191,209519
"2023-05-15 00:00:00",348438,157094
"2023-05-16 00:00:00",352780,159305
"2023-05-17 00:00:00",379647,139803
"2023-05-18 00:00:00",362623,173947
"2023-05-19 00:00:00",375631,179689
"2023-05-20 00:00:00",362099,196503
"2023-05-21 00:00:00",394932,207113
"2023-05-22 00:00:00",385299,171951
"2023-05-23 00:00:00",381807,169720
"2023-05-24 00:00:00",381769,168310
"2023-05-25 00:00:00",372092,166974
"2023-05-26 00:00:00",378567,176451
"2023-05-27 00:00:00",385324,199922
"2023-05-28 00:00:00",386962,201155
"2023-05-29 00:00:00",379507,173115
"2023-05-30 00:00:00",365800,165644
"2023-05-31 00:00:00",374347,147921
"2023-06-01 00:00:00",342983,160255
"2023-06-02 00:00:00",360508,170630
"2023-06-03 00:00:00",368243,190142
"2023-06-04 00:00:00",376727,195037
"2023-06-05 00:00:00",367459,165870
"2023-06-06 00:00:00",352177,162247
"2023-06-07 00:00:00",345120,156585
"2023-06-08 00:00:00",341385,157146
"2023-06-09 00:00:00",342371,163226
"2023-06-10 00:00:00",350019,181391
"2023-06-11 00:00:00",349774,182069
"2023-06-12 00:00:00",329655,152656
"2023-06-13 00:00:00",325297,146661
"2023-06-14 00:00:00",338928,116509
"2023-06-15 00:00:00",323025,151925
"2023-06-16 00:00:00",336506,160859
"2023-06-17 00:00:00",353889,183495
"2023-06-18 00:00:00",356724,186086
"2023-06-19 00:00:00",334678,154583
"2023-06-20 00:00:00",331963,154085
"2023-06-21 00:00:00",327914,159059
"2023-06-22 00:00:00",319467,171193
"2023-06-23 00:00:00",331501,176194
"2023-06-24 00:00:00",340755,179290
"2023-06-25 00:00:00",352057,175445
"2023-06-26 00:00:00",334238,156871
"2023-06-27 00:00:00",325510,153232
"2023-06-28 00:00:00",333232,149707
"2023-06-29 00:00:00",329678,158628
"2023-06-30 00:00:00",327928,161857
"2023-07-01 00:00:00",334909,179485
"2023-07-02 00:00:00",341334,183241
"2023-07-03 00:00:00",323385,154277
"2023-07-04 00:00:00",317847,152870
"2023-07-05 00:00:00",314804,149252
"2023-07-06 00:00:00",308773,147366
"2023-07-07 00:00:00",316399,153734
"2023-07-08 00:00:00",322394,174364
"2023-07-09 00:00:00",328241,179275
"2023-07-10 00:00:00",315719,150570
"2023-07-11 00:00:00",315107,149330
"2023-07-12 00:00:00",344860,117044
"2023-07-13 00:00:00",330828,161278
"2023-07-14 00:00:00",321048,158201
"2023-07-15 00:00:00",331041,179290
"2023-07-16 00:00:00",339041,185014
"2023-07-17 00:00:00",320596,155407
"2023-07-18 00:00:00",316829,152099
"2023-07-19 00:00:00",315497,153145
"2023-07-20 00:00:00",308568,149862
"2023-07-21 00:00:00",316331,159668
"2023-07-22 00:00:00",328779,178778
"2023-07-23 00:00:00",337950,185051
"2023-07-24 00:00:00",319771,157214
"2023-07-25 00:00:00",319274,156150
"2023-07-26 00:00:00",339985,151251
"2023-07-27 00:00:00",338416,164994
"2023-07-28 00:00:00",344828,172273
"2023-07-29 00:00:00",352115,190531
"2023-07-30 00:00:00",356738,194476
"2023-07-31 00:00:00",341752,167572
"2023-08-01 00:00:00",338634,166060
"2023-08-02 00:00:00",341210,167785
"2023-08-03 00:00:00",339965,164901
"2023-08-04 00:00:00",336882,168278
"2023-08-05 00:00:00",337209,184100
"2023-08-06 00:00:00",351024,188283
"2023-08-07 00:00:00",336931,161739
"2023-08-08 00:00:00",328121,158021
"2023-08-09 00:00:00",396472,145871
"2023-08-10 00:00:00",378657,185056
"2023-08-11 00:00:00",374904,188490
"2023-08-12 00:00:00",377452,205791
"2023-08-13 00:00:00",385982,210137
"2023-08-14 00:00:00",381205,182473
"2023-08-15 00:00:00",362465,178120
"2023-08-16 00:00:00",371013,180462
"2023-08-17 00:00:00",379636,177468
"2023-08-18 00:00:00",371173,186365
"2023-08-19 00:00:00",375559,202247
"2023-08-20 00:00:00",383800,205323
"2023-08-21 00:00:00",376440,176552
"2023-08-22 00:00:00",344886,165415
"2023-08-23 00:00:00",384368,166331
"2023-08-24 00:00:00",373171,173543
"2023-08-25 00:00:00",378990,179861
"2023-08-26 00:00:00",385754,200929
"2023-08-27 00:00:00",398511,207546
"2023-08-28 00:00:00",384656,175354
"2023-08-29 00:00:00",386348,175211
"2023-08-30 00:00:00",398125,184517
"2023-08-31 00:00:00",381609,176592
"2023-09-01 00:00:00",391871,185531
"2023-09-02 00:00:00",393836,205380
"2023-09-03 00:00:00",398588,204751
"2023-09-04 00:00:00",384162,172389
"2023-09-05 00:00:00",378035,168855
"2023-09-06 00:00:00",395178,143117
"2023-09-07 00:00:00",389866,175627
"2023-09-08 00:00:00",399107,185615
"2023-09-09 00:00:00",410787,209129
"2023-09-10 00:00:00",415099,210991
"2023-09-11 00:00:00",399623,174780
"2023-09-12 00:00:00",394715,173050
"2023-09-13 00:00:00",392086,175128
"2023-09-14 00:00:00",386236,171253
"2023-09-15 00:00:00",384189,179381
"2023-09-16 00:00:00",396268,201573
"2023-09-17 00:00:00",407593,204351
"2023-09-18 00:00:00",385121,169366
"2023-09-19 00:00:00",370462,167090
"2023-09-20 00:00:00",388630,159684
"2023-09-21 00:00:00",378158,167630
"2023-09-22 00:00:00",386200,176885
"2023-09-23 00:00:00",400528,201185
"2023-09-24 00:00:00",402587,203719
"2023-09-25 00:00:00",382200,172298
"2023-09-26 00:00:00",371839,167241
"2023-09-27 00:00:00",399835,187448
"2023-09-28 00:00:00",365212,182816
"2023-09-29 00:00:00",336566,183125
"2023-09-30 00:00:00",354407,198388
"2023-10-01 00:00:00",360261,201423
"2023-10-02 00:00:00",350656,192325
"2023-10-03 00:00:00",349369,187985
"2023-10-04 00:00:00",346044,179496
"2023-10-05 00:00:00",362797,185759
"2023-10-06 00:00:00",383077,186906
"2023-10-07 00:00:00",400194,187963
"2023-10-08 00:00:00",419417,193316
"2023-10-09 00:00:00",398373,178794
"2023-10-10 00:00:00",381710,170055
"2023-10-11 00:00:00",404571,141351
"2023-10-12 00:00:00",412827,181802
"2023-10-13 00:00:00",416625,191729
"2023-10-14 00:00:00",423795,195539
"2023-10-15 00:00:00",440192,218597
"2023-10-16 00:00:00",408320,177311
"2023-10-17 00:00:00",399531,175153
"2023-10-18 00:00:00",403830,157290
"2023-10-19 00:00:00",396913,174352
"2023-10-20 00:00:00",431443,194342
"2023-10-21 00:00:00",444715,221347
"2023-10-22 00:00:00",439797,218361
"2023-10-23 00:00:00",393402,177175
"2023-10-24 00:00:00",411873,178573
"2023-10-25 00:00:00",425714,190775
"2023-10-26 00:00:00",419066,185908
"2023-10-27 00:00:00",434976,199015
"2023-10-28 00:00:00",444088,223650
"2023-10-29 00:00:00",444989,220794
"2023-10-30 00:00:00",420729,183953
"2023-10-31 00:00:00",419479,183984
"2023-11-01 00:00:00",420933,183507
"2023-11-02 00:00:00",420855,184295
"2023-11-03 00:00:00",426947,193974
"2023-11-04 00:00:00",446402,222302
"2023-11-05 00:00:00",451334,222693
"2023-11-06 00:00:00",427790,183711
"2023-11-07 00:00:00",416500,177832
"2023-11-08 00:00:00",471546,166762
"2023-11-09 00:00:00",474831,209219
"2023-11-10 00:00:00",485608,222914
"2023-11-11 00:00:00",490945,243129
"2023-11-12 00:00:00",503629,244309
"2023-11-13 00:00:00",478120,205227
"2023-11-14 00:00:00",470344,203631
"2023-11-15 00:00:00",472247,204596
"2023-11-16 00:00:00",461892,200483
"2023-11-17 00:00:00",455176,204246
"2023-11-18 00:00:00",466789,230513
"2023-11-19 00:00:00",473059,225473
"2023-11-20 00:00:00",445455,197422
"2023-11-21 00:00:00",431534,190132
"2023-11-22 00:00:00",460948,184813
"2023-11-23 00:00:00",449829,199124
"2023-11-24 00:00:00",460124,209711
"2023-11-25 00:00:00",471251,237089
"2023-11-26 00:00:00",480610,238391
"2023-11-27 00:00:00",449368,196995
"2023-11-28 00:00:00",442632,196112
"2023-11-29 00:00:00",457253,200715
"2023-11-30 00:00:00",458749,202944
"2023-12-01 00:00:00",446095,208857
"2023-12-02 00:00:00",461972,235492
"2023-12-03 00:00:00",470376,239156
"2023-12-04 00:00:00",460925,202072
"2023-12-05 00:00:00",464209,203971
"2023-12-06 00:00:00",587705,207851
"2023-12-07 00:00:00",600414,270669
"2023-12-08 00:00:00",606702,279364
"2023-12-09 00:00:00",609414,304554
"2023-12-10 00:00:00",626998,310631
"2023-12-11 00:00:00",601732,261853
"2023-12-12 00:00:00",588680,255029
"2023-12-13 00:00:00",575408,246853
"2023-12-14 00:00:00",573886,248374
"2023-12-15 00:00:00",580222,262725
"2023-12-16 00:00:00",585768,288577
"2023-12-17 00:00:00",584882,285568
"2023-12-18 00:00:00",552952,235502
"2023-12-19 00:00:00",550504,232938
"2023-12-20 00:00:00",541069,217612
"2023-12-21 00:00:00",531177,227429
"2023-12-22 00:00:00",524090,234934
"2023-12-23 00:00:00",541057,263208
"2023-12-24 00:00:00",531277,254424
"2023-12-25 00:00:00",512177,223132
"2023-12-26 00:00:00",523155,226137
"2023-12-27 00:00:00",545845,240874
"2023-12-28 00:00:00",533483,235315
"2023-12-29 00:00:00",525268,247626
"2023-12-30 00:00:00",518570,267449
"2023-12-31 00:00:00",442984,249563
"2024-01-01 00:00:00",553846,274137
"2024-01-02 00:00:00",571118,252247
"2024-01-03 00:00:00",556636,237895
"2024-01-04 00:00:00",545329,237760
"2024-01-05 00:00:00",547553,246649
"2024-01-06 00:00:00",567537,276937
"2024-01-07 00:00:00",566184,276536
"2024-01-08 00:00:00",536119,232728
"2024-01-09 00:00:00",528953,230567
"2024-01-10 00:00:00",582769,201158
"2024-01-11 00:00:00",558398,250375
"2024-01-12 00:00:00",553051,256406
"2024-01-13 00:00:00",577926,287939
"2024-01-14 00:00:00",590052,290820
"2024-01-15 00:00:00",546034,243980
"2024-01-16 00:00:00",552715,246737
"2024-01-17 00:00:00",547159,243278
"2024-01-18 00:00:00",538842,241828
"2024-01-19 00:00:00",549553,255110
"2024-01-20 00:00:00",559161,282026
"2024-01-21 00:00:00",571992,283690
"2024-01-22 00:00:00",527357,237523
"2024-01-23 00:00:00",518910,234832
"2024-01-24 00:00:00",519043,227019
"2024-01-25 00:00:00",503575,230770
"2024-01-26 00:00:00",506790,238242
"2024-01-27 00:00:00",523765,263038
"2024-01-28 00:00:00",538660,265251
"2024-01-29 00:00:00",502597,229409
"2024-01-30 00:00:00",498661,228236
"2024-01-31 00:00:00",498160,231017
"2024-02-01 00:00:00",486906,231732
"2024-02-02 00:00:00",486752,236874
"2024-02-03 00:00:00",498591,259533
"2024-02-04 00:00:00",514208,255790
"2024-02-05 00:00:00",461825,226612
"2024-02-06 00:00:00",442159,220640
"2024-02-07 00:00:00",490185,201320
"2024-02-08 00:00:00",448159,238765
"2024-02-09 00:00:00",338654,201720
"2024-02-10 00:00:00",412713,231332
"2024-02-11 00:00:00",435151,235954
"2024-02-12 00:00:00",411728,232161
"2024-02-13 00:00:00",420032,234469
"2024-02-14 00:00:00",413873,227954
"2024-02-15 00:00:00",452794,244790
"2024-02-16 00:00:00",487327,262812
"2024-02-17 00:00:00",527140,278687
"2024-02-18 00:00:00",574046,281749
"2024-02-19 00:00:00",548103,260304
"2024-02-20 00:00:00",564421,265537
"2024-02-21 00:00:00",586102,259357
"2024-02-22 00:00:00",579210,273269
"2024-02-23 00:00:00",581704,280573
"2024-02-24 00:00:00",575750,295516
"2024-02-25 00:00:00",611032,300652
"2024-02-26 00:00:00",589520,264898
"2024-02-27 00:00:00",592845,264943
"2024-02-28 00:00:00",601564,262035
"2024-02-29 00:00:00",601167,264636
"2024-03-01 00:00:00",603422,276844
"2024-03-02 00:00:00",627348,309063
"2024-03-03 00:00:00",638250,305849
"2024-03-04 00:00:00",604536,254595
"2024-03-05 00:00:00",602415,253829
"2024-03-06 00:00:00",599783,256734
"2024-03-07 00:00:00",595304,253067
"2024-03-08 00:00:00",598566,268205
"2024-03-09 00:00:00",633956,309207
"2024-03-10 00:00:00",639824,307397
"2024-03-11 00:00:00",594123,247470
"2024-03-12 00:00:00",597194,248960
"2024-03-13 00:00:00",666779,235130
"2024-03-14 00:00:00",696202,298258
"2024-03-15 00:00:00",674298,303032
"2024-03-16 00:00:00",692311,337574
"2024-03-17 00:00:00",706785,341501
"2024-03-18 00:00:00",677738,283245
"2024-03-19 00:00:00",678489,277841
"2024-03-20 00:00:00",656024,275100
"2024-03-21 00:00:00",620520,260670
"2024-03-22 00:00:00",653469,285712
"2024-03-23 00:00:00",768362,352226
"2024-03-24 00:00:00",690939,330191
"2024-03-25 00:00:00",636005,266130
"2024-03-26 00:00:00",609997,254992
"2024-03-27 00:00:00",637297,254099
"2024-03-28 00:00:00",618634,259980
"2024-03-29 00:00:00",618988,273943
"2024-03-30 00:00:00",629090,302358
"2024-03-31 00:00:00",625924,300057
"2024-04-01 00:00:00",628133,262601
"2024-04-02 00:00:00",601631,259194
"2024-04-03 00:00:00",584695,258827
"2024-04-04 00:00:00",558712,276529
"2024-04-05 00:00:00",560304,272793
"2024-04-06 00:00:00",596016,278874
"2024-04-07 00:00:00",621183,265356
"2024-04-08 00:00:00",583556,238329
"2024-04-09 00:00:00",679444,229217
"2024-04-10 00:00:00",682333,288946
"2024-04-11 00:00:00",678362,281383
"2024-04-12 00:00:00",674558,297028
"2024-04-13 00:00:00",694688,333399
"2024-04-14 00:00:00",699874,333843
"2024-04-15 00:00:00",668492,273623
"2024-04-16 00:00:00",671859,278778
"2024-04-17 00:00:00",670766,262870
"2024-04-18 00:00:00",661182,277383
"2024-04-19 00:00:00",672239,293521
"2024-04-20 00:00:00",675858,323428
"2024-04-21 00:00:00",688344,325745
"2024-04-22 00:00:00",653284,267972
"2024-04-23 00:00:00",673642,275529
"2024-04-24 00:00:00",651654,266740
"2024-04-25 00:00:00",644812,269136
"2024-04-26 00:00:00",648278,281946
"2024-04-27 00:00:00",648264,308442
"2024-04-28 00:00:00",669128,297562
"2024-04-29 00:00:00",643752,273033
"2024-04-30 00:00:00",621669,275809
"2024-05-01 00:00:00",565695,293370
"2024-05-02 00:00:00",541946,272776
"2024-05-03 00:00:00",565303,280687
"2024-05-04 00:00:00",609114,303348
"2024-05-05 00:00:00",646221,305468
"2024-05-06 00:00:00",628488,263374
"2024-05-07 00:00:00",610982,249453
"2024-05-08 00:00:00",601455,247086
"2024-05-09 00:00:00",594542,246515
"2024-05-10 00:00:00",604629,256917
"2024-05-11 00:00:00",632943,289033
"2024-05-12 00:00:00",617163,293154
"2024-05-13 00:00:00",580230,238041
"2024-05-14 00:00:00",693449,240101
"2024-05-15 00:00:00",676722,292644
"2024-05-16 00:00:00",643979,271527
"2024-05-17 00:00:00",631467,279503
"2024-05-18 00:00:00",636862,314066
"2024-05-19 00:00:00",648246,317277
"2024-05-20 00:00:00",590874,255332
"2024-05-21 00:00:00",601120,257161
"2024-05-22 00:00:00",592119,251643
"2024-05-23 00:00:00",586588,249817
"2024-05-24 00:00:00",630703,282030
"2024-05-25 00:00:00",629796,310250
"2024-05-26 00:00:00",626094,311944
"2024-05-27 00:00:00",603163,254303
"2024-05-28 00:00:00",585218,246038
"2024-05-29 00:00:00",599966,241943
"2024-05-30 00:00:00",588890,250835
"2024-05-31 00:00:00",594213,262120
"2024-06-01 00:00:00",651287,301558
"2024-06-02 00:00:00",619134,295495
"2024-06-03 00:00:00",586852,244493
"2024-06-04 00:00:00",599022,249428
"2024-06-05 00:00:00",603883,251552
"2024-06-06 00:00:00",585016,252239
"2024-06-07 00:00:00",586706,261023
"2024-06-08 00:00:00",580264,287570
"2024-06-09 00:00:00",593010,300645
"2024-06-10 00:00:00",574611,273871
"2024-06-11 00:00:00",571934,242171
"2024-06-12 00:00:00",609280,220183
"2024-06-13 00:00:00",661283,284458
"2024-06-14 00:00:00",690200,305488
"2024-06-15 00:00:00",698069,330262
"2024-06-16 00:00:00",692875,341858
"2024-06-17 00:00:00",666858,282742
"2024-06-18 00:00:00",682471,282847
"2024-06-19 00:00:00",676571,271129
"2024-06-20 00:00:00",673600,288352
"2024-06-21 00:00:00",679732,303196
"2024-06-22 00:00:00",693242,344805
"2024-06-23 00:00:00",699256,343657
"2024-06-24 00:00:00",676917,284473
"2024-06-25 00:00:00",666795,282116
"2024-06-26 00:00:00",688239,262681
"2024-06-27 00:00:00",658805,283826
"2024-06-28 00:00:00",657312,291883
"2024-06-29 00:00:00",663967,325474
"2024-06-30 00:00:00",661730,326046
"2024-07-01 00:00:00",640601,272345
"2024-07-02 00:00:00",638786,272341
"2024-07-03 00:00:00",572584,276786
"2024-07-04 00:00:00",630656,273977
"2024-07-05 00:00:00",632200,280035
"2024-07-06 00:00:00",631386,310419
"2024-07-07 00:00:00",642335,318229
"2024-07-08 00:00:00",622039,265917
"2024-07-09 00:00:00",612377,261305
"2024-07-10 00:00:00",700235,240106
"2024-07-11 00:00:00",671620,292748
"2024-07-12 00:00:00",674665,302234
"2024-07-13 00:00:00",680844,339198
"2024-07-14 00:00:00",688475,346025
"2024-07-15 00:00:00",687046,293372
"2024-07-16 00:00:00",683441,293931
"2024-07-17 00:00:00",689218,283599
"2024-07-18 00:00:00",646266,284011
"2024-07-19 00:00:00",655010,296510
"2024-07-20 00:00:00",651782,326911
"2024-07-21 00:00:00",659940,331152
"2024-07-22 00:00:00",645385,279553
"2024-07-23 00:00:00",642709,279183
"2024-07-24 00:00:00",690143,281768
"2024-07-25 00:00:00",665494,292466
"2024-07-26 00:00:00",656941,296644
"2024-07-27 00:00:00",665767,331017
"2024-07-28 00:00:00",669558,333184
"2024-07-29 00:00:00",650349,280857
"2024-07-30 00:00:00",641256,278662
"2024-07-31 00:00:00",635862,284402
"2024-08-01 00:00:00",613769,273906
"2024-08-02 00:00:00",613911,279581
"2024-08-03 00:00:00",615667,309977
"2024-08-04 00:00:00",635245,319515
"2024-08-05 00:00:00",617332,268775
"2024-08-06 00:00:00",607669,265629
"2024-08-07 00:00:00",648220,221198
"2024-08-08 00:00:00",652110,290657
"2024-08-09 00:00:00",662696,298527
"2024-08-10 00:00:00",674658,326787
"2024-08-11 00:00:00",677079,335077
"2024-08-12 00:00:00",663186,284881
"2024-08-13 00:00:00",661738,281299
"2024-08-14 00:00:00",663866,285667
"2024-08-15 00:00:00",649939,282836
"2024-08-16 00:00:00",656361,288842
"2024-08-17 00:00:00",739569,335696
"2024-08-18 00:00:00",709078,340144
"2024-08-19 00:00:00",661585,280141
"2024-08-20 00:00:00",614900,265521
"2024-08-21 00:00:00",591609,243657
"2024-08-22 00:00:00",598155,259904
"2024-08-23 00:00:00",607145,301875
"2024-08-24 00:00:00",784255,346907
"2024-08-25 00:00:00",632426,318498
"2024-08-26 00:00:00",617742,263942
"2024-08-27 00:00:00",611223,260181
"2024-08-28 00:00:00",607749,261921
"2024-08-29 00:00:00",589160,252376
"2024-08-30 00:00:00",600064,265893
"2024-08-31 00:00:00",618059,301025
"2024-09-01 00:00:00",617336,304607
"2024-09-02 00:00:00",600816,251645
"2024-09-03 00:00:00",599609,250035
"2024-09-04 00:00:00",641000,218345
"2024-09-05 00:00:00",648771,271913
"2024-09-06 00:00:00",659017,285599
"2024-09-07 00:00:00",675609,323932
"2024-09-08 00:00:00",686334,325510
"2024-09-09 00:00:00",670480,272646
"2024-09-10 00:00:00",663107,272512
"2024-09-11 00:00:00",692634,284426
"2024-09-12 00:00:00",673650,275091
"2024-09-13 00:00:00",701231,292227
"2024-09-14 00:00:00",689718,312794
"2024-09-15 00:00:00",687660,338068
"2024-09-16 00:00:00",672157,334568
"2024-09-17 00:00:00",664051,315067
"2024-09-18 00:00:00",730743,299342
"2024-09-19 00:00:00",768347,309610
"2024-09-20 00:00:00",808258,345514
"2024-09-21 00:00:00",802403,382081
"2024-09-22 00:00:00",787340,369500
"2024-09-23 00:00:00",728197,294387
"2024-09-24 00:00:00",720174,288877
"2024-09-25 00:00:00",702011,270540
"2024-09-26 00:00:00",667354,273616
"2024-09-27 00:00:00",681189,289565
"2024-09-28 00:00:00",673480,315423
"2024-09-29 00:00:00",675771,296864
"2024-09-30 00:00:00",610783,281111
"2024-10-01 00:00:00",559880,288585
"2024-10-02 00:00:00",545777,276742
"2024-10-03 00:00:00",522208,271307
"2024-10-04 00:00:00",539576,268928
"2024-10-05 00:00:00",577064,288944
"2024-10-06 00:00:00",618911,304264
"2024-10-07 00:00:00",618478,278003
"2024-10-08 00:00:00",630101,258410
"2024-10-09 00:00:00",633121,259913
"2024-10-10 00:00:00",718745,232376
"2024-10-11 00:00:00",742383,312819
"2024-10-12 00:00:00",767067,344633
"2024-10-13 00:00:00",751243,358609
"2024-10-14 00:00:00",733356,294311
"2024-10-15 00:00:00",713872,289151
"2024-10-16 00:00:00",714204,286995
"2024-10-17 00:00:00",689930,285039
"2024-10-18 00:00:00",700726,307653
"2024-10-19 00:00:00",710445,349966
"2024-10-20 00:00:00",738719,346990
"2024-10-21 00:00:00",697381,280287
"2024-10-22 00:00:00",695272,279597
"2024-10-23 00:00:00",688896,267623
"2024-10-24 00:00:00",688994,280964
"2024-10-25 00:00:00",701079,297904
"2024-10-26 00:00:00",689589,336244
"2024-10-27 00:00:00",691716,337165
"2024-10-28 00:00:00",703688,280301
"2024-10-29 00:00:00",694350,278310
"2024-10-30 00:00:00",686678,275714
"2024-10-31 00:00:00",684382,279564
"2024-11-01 00:00:00",710434,305779
"2024-11-02 00:00:00",653223,317522
"2024-11-03 00:00:00",719250,330586
"2024-11-04 00:00:00",670563,267771
"2024-11-05 00:00:00",645612,259923
"2024-11-06 00:00:00",705561,238668
"2024-11-07 00:00:00",724337,296372
"2024-11-08 00:00:00",720716,309864
"2024-11-09 00:00:00",742987,354001
"2024-11-10 00:00:00",755197,352951
"2024-11-11 00:00:00",738382,297206
"2024-11-12 00:00:00",747672,301112
"2024-11-13 00:00:00",757682,307790
"2024-11-14 00:00:00",750920,305193
"2024-11-15 00:00:00",749134,323538
"2024-11-16 00:00:00",762619,363988
"2024-11-17 00:00:00",790889,367784
"2024-11-18 00:00:00",754858,303461
"2024-11-19 00:00:00",735170,299294
"2024-11-20 00:00:00",776353,303906
"2024-11-21 00:00:00",746618,307285
"2024-11-22 00:00:00",768262,330030
"2024-11-23 00:00:00",777329,369776
"2024-11-24 00:00:00",803337,373740
"2024-11-25 00:00:00",759457,309434
"2024-11-26 00:00:00",747642,303869
"2024-11-27 00:00:00",750650,304944
"2024-11-28 00:00:00",731429,296808
"2024-11-29 00:00:00",730799,312999
"2024-11-30 00:00:00",739874,349783
"2024-12-01 00:00:00",755743,351045
"2024-12-02 00:00:00",713582,287369
"2024-12-03 00:00:00",703132,282712
"2024-12-04 00:00:00",789038,263331
"2024-12-05 00:00:00",766696,316905
"2024-12-06 00:00:00",756872,323337
"2024-12-07 00:00:00",778560,365766
"2024-12-08 00:00:00",792301,364948
"2024-12-09 00:00:00",750493,303110
"2024-12-10 00:00:00",747601,302832
"2024-12-11 00:00:00",770160,303520
"2024-12-12 00:00:00",742036,302393
"2024-12-13 00:00:00",749770,318613
"2024-12-14 00:00:00",761050,354189
"2024-12-15 00:00:00",776094,352679
"2024-12-16 00:00:00",730812,291171
"2024-12-17 00:00:00",729927,293194
"2024-12-18 00:00:00",740831,283447
"2024-12-19 00:00:00",743859,299053
"2024-12-20 00:00:00",743966,318385
"2024-12-21 00:00:00",752293,354512
"2024-12-22 00:00:00",779076,363081
"2024-12-23 00:00:00",778720,314348
"2024-12-24 00:00:00",754710,307980
"2024-12-25 00:00:00",781179,327735
"2024-12-26 00:00:00",784688,321977
"2024-12-27 00:00:00",781947,334715
"2024-12-28 00:00:00",799077,371491
"2024-12-29 00:00:00",796837,367976
"2024-12-30 00:00:00",764972,317996
"2024-12-31 00:00:00",602862,294041
"2025-01-01 00:00:00",755169,355941
"2025-01-02 00:00:00",749976,312150
"2025-01-03 00:00:00",770549,326744
"2025-01-04 00:00:00",781934,362667
"2025-01-05 00:00:00",773838,357989
"2025-01-06 00:00:00",746484,303791
"2025-01-07 00:00:00",740421,302251
"2025-01-08 00:00:00",728458,303797
"2025-01-09 00:00:00",702413,291894
"2025-01-10 00:00:00",716449,311517
"2025-01-11 00:00:00",736914,351077
"2025-01-12 00:00:00",766151,365138
"2025-01-13 00:00:00",717443,307156
"2025-01-14 00:00:00",712229,306192
"2025-01-15 00:00:00",789135,263362
"2025-01-16 00:00:00",762770,322503
"2025-01-17 00:00:00",738792,324775
"2025-01-18 00:00:00",759225,359560
"2025-01-19 00:00:00",762990,355595
"2025-01-20 00:00:00",707500,303483
"2025-01-21 00:00:00",670628,288957
"2025-01-22 00:00:00",641667,282383
"2025-01-23 00:00:00",647464,290404
"2025-01-24 00:00:00",620964,295327
"2025-01-25 00:00:00",614151,307780
"2025-01-26 00:00:00",605728,299632
"2025-01-27 00:00:00",530370,262228
"2025-01-28 00:00:00",426793,240192
"2025-01-29 00:00:00",492623,259552
"2025-01-30 00:00:00",500751,258872
"2025-01-31 00:00:00",523916,280056
"2025-02-01 00:00:00",558897,298484
"2025-02-02 00:00:00",593566,310214
"2025-02-03 00:00:00",588383,297963
"2025-02-04 00:00:00",617482,301753
"2025-02-05 00:00:00",663285,278350
"2025-02-06 00:00:00",672498,297709
"2025-02-07 00:00:00",709124,315483
"2025-02-08 00:00:00",742508,340602
"2025-02-09 00:00:00",749858,350810
"2025-02-10 00:00:00",711842,297422
"2025-02-11 00:00:00",709839,300388
"2025-02-12 00:00:00",724122,224760
"2025-02-13 00:00:00",727215,306939
"2025-02-14 00:00:00",673372,304389
"2025-02-15 00:00:00",763746,360403
"2025-02-16 00:00:00",794475,366236
"2025-02-17 00:00:00",762311,312012
"2025-02-18 00:00:00",767838,312056
"2025-02-19 00:00:00",759879,314709
"2025-02-20 00:00:00",767145,317065
"2025-02-21 00:00:00",780350,336901
"2025-02-22 00:00:00",812808,381651
"2025-02-23 00:00:00",826692,381265
"2025-02-24 00:00:00",788702,314799
"2025-02-25 00:00:00",781452,314269
"2025-02-26 00:00:00",789175,296720
"2025-02-27 00:00:00",769684,311119
"2025-02-28 00:00:00",766109,327312
"2025-03-01 00:00:00",781320,365321
"2025-03-02 00:00:00",819541,382347
"2025-03-03 00:00:00",783259,322464
"2025-03-04 00:00:00",776659,313844
"2025-03-05 00:00:00",779788,313986
"2025-03-06 00:00:00",763826,305215
"2025-03-07 00:00:00",773637,325669
"2025-03-08 00:00:00",778424,361792
"2025-03-09 00:00:00",798567,363836
"2025-03-10 00:00:00",753571,298629
"2025-03-11 00:00:00",739513,291930
"2025-03-12 00:00:00",907246,300720
"2025-03-13 00:00:00",865447,352374
"2025-03-14 00:00:00",853729,364605
"2025-03-15 00:00:00",877807,399370
"2025-03-16 00:00:00",893422,412218
"2025-03-17 00:00:00",852711,336612
"2025-03-18 00:00:00",849729,335267
"2025-03-19 00:00:00",824596,327525
"2025-03-20 00:00:00",802396,318506
"2025-03-21 00:00:00",807154,336236
"2025-03-22 00:00:00",882421,405169
"2025-03-23 00:00:00",1347327,501322
"2025-03-24 00:00:00",819370,323243
"2025-03-25 00:00:00",796600,313094
"2025-03-26 00:00:00",817612,308250
"2025-03-27 00:00:00",814503,325174
"2025-03-28 00:00:00",834721,347222
"2025-03-29 00:00:00",856912,395871
"2025-03-30 00:00:00",859198,388711
"2025-03-31 00:00:00",813574,317747
"2025-04-01 00:00:00",850337,332222
"2025-04-02 00:00:00",791842,310775
"2025-04-03 00:00:00",738169,315933
"2025-04-04 00:00:00",726611,340714
"2025-04-05 00:00:00",737146,353803
"2025-04-06 00:00:00",783701,352081
"2025-04-07 00:00:00",752408,292345
"2025-04-08 00:00:00",742574,285747
"2025-04-09 00:00:00",802330,250621
"2025-04-10 00:00:00",775273,308110
"2025-04-11 00:00:00",807721,334684
"2025-04-12 00:00:00",861757,400195
"2025-04-13 00:00:00",813492,377483
"2025-04-14 00:00:00",771841,301206
"2025-04-15 00:00:00",750292,293891
"2025-04-16 00:00:00",744682,296445
"2025-04-17 00:00:00",748307,297168
"2025-04-18 00:00:00",770682,324694
"2025-04-19 00:00:00",778051,360936
"2025-04-20 00:00:00",774483,356893
"2025-04-21 00:00:00",768070,305904
"2025-04-22 00:00:00",757660,299331
"2025-04-23 00:00:00",757999,282137
"2025-04-24 00:00:00",748345,296505
"2025-04-25 00:00:00",794695,328032
"2025-04-26 00:00:00",790316,357651
"2025-04-27 00:00:00",800736,334466
"2025-04-28 00:00:00",724227,290953
"2025-04-29 00:00:00",697053,283288
"2025-04-30 00:00:00",646268,289493
"2025-05-01 00:00:00",603301,307215
"2025-05-02 00:00:00",606425,307115
"2025-05-03 00:00:00",617252,313645
"2025-05-04 00:00:00",669920,329440
"2025-05-05 00:00:00",683522,310483
"2025-05-06 00:00:00",713053,290476
"2025-05-07 00:00:00",702056,279231
"2025-05-08 00:00:00",714672,286421
"2025-05-09 00:00:00",724748,304548
"2025-05-10 00:00:00",739674,342215
"2025-05-11 00:00:00",719246,329299
"2025-05-12 00:00:00",669215,266749
"2025-05-13 00:00:00",647577,257182
"2025-05-14 00:00:00",723397,238884
"2025-05-15 00:00:00",741963,317966
"2025-05-16 00:00:00",747788,316427
"2025-05-17 00:00:00",808146,368722
"2025-05-18 00:00:00",782920,368524
"2025-05-19 00:00:00",755140,299059
"2025-05-20 00:00:00",705592,287247
"2025-05-21 00:00:00",728961,286951
"2025-05-22 00:00:00",738568,293710
"2025-05-23 00:00:00",752965,312142
"2025-05-24 00:00:00",747182,346449
"2025-05-25 00:00:00",755199,345566
"2025-05-26 00:00:00",717091,282968
"2025-05-27 00:00:00",711906,280989
"2025-05-28 00:00:00",725508,269750
"2025-05-29 00:00:00",707069,285982
"2025-05-30 00:00:00",701560,306384
"2025-05-31 00:00:00",674286,333452
"2025-06-01 00:00:00",697671,346290
"2025-06-02 00:00:00",707985,316589
"2025-06-03 00:00:00",708851,288760
"2025-06-04 00:00:00",702573,281552
"2025-06-05 00:00:00",688312,283629
"2025-06-06 00:00:00",694617,295365
"2025-06-07 00:00:00",719150,335346
"2025-06-08 00:00:00",718139,339119
"2025-06-09 00:00:00",689617,276940
"2025-06-10 00:00:00",667884,270151
"2025-06-11 00:00:00",756109,249318
"2025-06-12 00:00:00",765217,310515
"2025-06-13 00:00:00",751951,321033
"2025-06-14 00:00:00",779521,367009
"2025-06-15 00:00:00",784339,367658
"2025-06-16 00:00:00",749301,303149
"2025-06-17 00:00:00",745149,301260
"2025-06-18 00:00:00",752533,304912
"2025-06-19 00:00:00",752445,306957
"2025-06-20 00:00:00",740577,316557
"2025-06-21 00:00:00",741592,352092
"2025-06-22 00:00:00",756455,353655
"2025-06-23 00:00:00",725517,289796
"2025-06-24 00:00:00",709399,289338
"2025-06-25 00:00:00",711942,279930
"2025-06-26 00:00:00",707128,291719
"2025-06-27 00:00:00",700160,303027
"2025-06-28 00:00:00",775563,353938
"2025-06-29 00:00:00",716466,347598
"2025-06-30 00:00:00",689322,289923
"2025-07-01 00:00:00",709021,286783
"2025-07-02 00:00:00",714261,288433
"2025-07-03 00:00:00",694856,281486
"2025-07-04 00:00:00",679043,292690
"2025-07-05 00:00:00",666353,322647
"2025-07-06 00:00:00",687932,327730
"2025-07-07 00:00:00",666622,271303
"2025-07-08 00:00:00",651169,264836
"2025-07-09 00:00:00",712847,238997
"2025-07-10 00:00:00",715750,307408
"2025-07-11 00:00:00",709314,312362
"2025-07-12 00:00:00",707878,358648
"2025-07-13 00:00:00",717777,345880
"2025-07-14 00:00:00",698362,289161
"2025-07-15 00:00:00",695692,286907
"2025-07-16 00:00:00",695795,295210
"2025-07-17 00:00:00",676955,285538
"2025-07-18 00:00:00",685437,298237
"2025-07-19 00:00:00",957373,396998
"2025-07-20 00:00:00",715892,345974
"2025-07-21 00:00:00",698566,288244
"2025-07-22 00:00:00",690022,287498
"2025-07-23 00:00:00",712630,279513
"2025-07-24 00:00:00",696960,287892
"2025-07-25 00:00:00",696680,299139
"2025-07-26 00:00:00",693197,332679
"2025-07-27 00:00:00",740377,345276
"2025-07-28 00:00:00",741426,315217
"2025-07-29 00:00:00",717986,305843
"2025-07-30 00:00:00",708967,301206
"2025-07-31 00:00:00",672693,289380
"2025-08-01 00:00:00",664264,292701
"2025-08-02 00:00:00",668586,321748
"2025-08-03 00:00:00",677952,327359
"2025-08-04 00:00:00",660769,275473
"2025-08-05 00:00:00",656083,273698
"2025-08-06 00:00:00",638059,266234
"2025-08-07 00:00:00",642910,267562
"2025-08-08 00:00:00",646137,281130
"2025-08-09 00:00:00",639141,308362
"2025-08-10 00:00:00",664868,319499
"2025-08-11 00:00:00",644690,271269
"2025-08-12 00:00:00",597114,252440
"2025-08-13 00:00:00",725587,254186
"2025-08-14 00:00:00",710171,302661
"2025-08-15 00:00:00",706640,315403
"2025-08-16 00:00:00",702302,344241
"2025-08-17 00:00:00",722216,348665
"2025-08-18 00:00:00",698633,286641
"2025-08-19 00:00:00",693576,284236
"2025-08-20 00:00:00",701529,293000
"2025-08-21 00:00:00",713191,295356
"2025-08-22 00:00:00",712316,309091
"2025-08-23 00:00:00",707143,341777
"2025-08-24 00:00:00",716698,344913
"2025-08-25 00:00:00",687002,282153
"2025-08-26 00:00:00",688056,285545
"2025-08-27 00:00:00",692440,273436
"2025-08-28 00:00:00",667389,278155
"2025-08-29 00:00:00",631851,281377
"2025-08-30 00:00:00",683085,324913
"2025-08-31 00:00:00",686891,328055
"2025-09-01 00:00:00",665705,272340
"2025-09-02 00:00:00",664948,269725
"2025-09-03 00:00:00",660772,265734
"2025-09-04 00:00:00",657489,265991
"2025-09-05 00:00:00",682484,284631
"2025-09-06 00:00:00",701978,326335
"2025-09-07 00:00:00",681274,321168
"2025-09-08 00:00:00",659282,258209
"2025-09-09 00:00:00",635892,252800
"2025-09-10 00:00:00",665698,224592
"2025-09-11 00:00:00",692311,283041
"2025-09-12 00:00:00",697520,295071
"2025-09-13 00:00:00",710245,316938
"2025-09-14 00:00:00",709009,332227
"2025-09-15 00:00:00",678562,267684
"2025-09-16 00:00:00",688645,273305
"2025-09-17 00:00:00",667598,265276
"2025-09-18 00:00:00",658408,263435
"2025-09-19 00:00:00",677425,284978
"2025-09-20 00:00:00",682601,317050
"2025-09-21 00:00:00",695017,318530
"2025-09-22 00:00:00",658033,261137
"2025-09-23 00:00:00",679870,271702
"2025-09-24 00:00:00",632558,267000
"2025-09-25 00:00:00",674540,275016
"2025-09-26 00:00:00",676738,285660
"2025-09-27 00:00:00",668335,310326
"2025-09-28 00:00:00",677535,293794
"2025-09-29 00:00:00",624018,258544
"2025-09-30 00:00:00",578917,259587
"2025-10-01 00:00:00",546549,268192
"2025-10-02 00:00:00",564555,277694
"2025-10-03 00:00:00",557575,282685
"2025-10-04 00:00:00",559798,288206
"2025-10-05 00:00:00",579865,291698
"2025-10-06 00:00:00",552755,270425
"2025-10-07 00:00:00",601061,280454
"2025-10-08 00:00:00",620161,285289
"2025-10-09 00:00:00",640934,265769
"2025-10-10 00:00:00",647157,268094
"2025-10-11 00:00:00",678765,297062
"2025-10-12 00:00:00",666946,308605
"2025-10-13 00:00:00",611471,244656
"2025-10-14 00:00:00",580921,229798
"2025-10-15 00:00:00",617542,208292
"2025-10-16 00:00:00",621278,252013
"2025-10-17 00:00:00",633645,269407
"2025-10-18 00:00:00",653622,304380
"2025-10-19 00:00:00",659661,304870
"2025-10-20 00:00:00",646575,223626
"2025-10-21 00:00:00",627837,250125
"2025-10-22 00:00:00",650515,261094
"2025-10-23 00:00:00",623536,254034
"2025-10-24 00:00:00",626474,265675
"2025-10-25 00:00:00",755104,327279
"2025-10-26 00:00:00",655462,299749
"2025-10-27 00:00:00",603131,243845
"2025-10-28 00:00:00",591321,238161
"2025-10-29 00:00:00",605374,231617
"2025-10-30 00:00:00",616666,251251
"2025-10-31 00:00:00",614347,261193
"2025-11-01 00:00:00",633474,297917
"2025-11-02 00:00:00",644214,299655
"2025-11-03 00:00:00",620659,250730
"2025-11-04 00:00:00",608037,244266
"2025-11-05 00:00:00",688274,237161
"2025-11-06 00:00:00",681116,281068
"2025-11-07 00:00:00",687904,295932
"2025-11-08 00:00:00",691124,329007
"2025-11-09 00:00:00",699404,319158
"2025-11-10 00:00:00",665513,267536
"2025-11-11 00:00:00",659749,266394
"2025-11-12 00:00:00",670179,273986
"2025-11-13 00:00:00",652314,267203
"2025-11-14 00:00:00",644573,278693
"2025-11-15 00:00:00",656199,308243
"2025-11-16 00:00:00",672503,313197
"2025-11-17 00:00:00",641763,260747
"2025-11-18 00:00:00",664022,259482
"2025-11-19 00:00:00",634003,246401
"2025-11-20 00:00:00",617935,252049
"2025-11-21 00:00:00",625075,266916
"2025-11-22 00:00:00",640746,299747
"2025-11-23 00:00:00",659767,304395
"2025-11-24 00:00:00",619874,250741
"2025-11-25 00:00:00",613981,248494
"2025-11-26 00:00:00",618529,251293
"2025-11-27 00:00:00",621229,254328
"2025-11-28 00:00:00",611466,264312
"2025-11-29 00:00:00",618725,292876
"2025-11-30 00:00:00",632188,295818
"2025-12-01 00:00:00",604466,246120
"2025-12-02 00:00:00",603688,247592
"2025-12-03 00:00:00",664864,225519
"2025-12-04 00:00:00",661383,276671
"2025-12-05 00:00:00",660879,287098
"2025-12-06 00:00:00",672531,317859
"2025-12-07 00:00:00",685362,320345
"2025-12-08 00:00:00",667488,269180
"2025-12-09 00:00:00",663636,271456
"2025-12-10 00:00:00",660998,267810
"2025-12-11 00:00:00",661726,268178
"2025-12-12 00:00:00",652727,285326
"2025-12-13 00:00:00",751295,346025
"2025-12-14 00:00:00",707292,324323
"2025-12-15 00:00:00",664681,271172
"2025-12-16 00:00:00",655952,266302
"2025-12-17 00:00:00",662218,252921
"2025-12-18 00:00:00",647589,263328
"2025-12-19 00:00:00",648902,277480
"2025-12-20 00:00:00",661188,309929
"2025-12-21 00:00:00",671674,308205
"2025-12-22 00:00:00",646959,261276
"2025-12-23 00:00:00",646449,263258
"2025-12-24 00:00:00",653420,286478
"2025-12-25 00:00:00",641636,286096
"2025-12-26 00:00:00",668998,287077
"2025-12-27 00:00:00",674864,315325
"2025-12-28 00:00:00",683815,315303
"2025-12-29 00:00:00",654005,269724
"2025-12-30 00:00:00",648247,274218
"2025-12-31 00:00:00",495552,251780
"2026-01-01 00:00:00",643835,326945
"2026-01-02 00:00:00",670640,324639
"2026-01-03 00:00:00",691452,322402
"2026-01-04 00:00:00",709468,306445
"2026-01-05 00:00:00",670458,283008
"2026-01-06 00:00:00",663677,273826
"2026-01-07 00:00:00",707128,241129
"2026-01-08 00:00:00",683558,289092
"2026-01-09 00:00:00",689895,298344
"2026-01-10 00:00:00",709575,336604
"2026-01-11 00:00:00",728820,335859
"2026-01-12 00:00:00",667625,275300
"2026-01-13 00:00:00",648801,270529
"2026-01-14 00:00:00",653194,272120
"2026-01-15 00:00:00",643901,269917
"2026-01-16 00:00:00",656407,287316
"2026-01-17 00:00:00",674743,324135
"2026-01-18 00:00:00",705550,329398
"2026-01-19 00:00:00",660073,278948
"2026-01-20 00:00:00",656802,276860
"2026-01-21 00:00:00",663512,266943
"2026-01-22 00:00:00",638019,270914
"2026-01-23 00:00:00",646176,285139
"2026-01-24 00:00:00",663361,312584
"2026-01-25 00:00:00",681300,321539
"2026-01-26 00:00:00",638272,268810
"2026-01-27 00:00:00",634191,266886
"2026-01-28 00:00:00",632781,265599
"2026-01-29 00:00:00",613340,263075
"2026-01-30 00:00:00",638986,284521
"2026-01-31 00:00:00",653738,315005
"2026-02-01 00:00:00",664673,316389
"2026-02-02 00:00:00",606108,257668
"2026-02-03 00:00:00",593002,256021
"2026-02-04 00:00:00",648856,227351
"2026-02-05 00:00:00",625614,277060
"2026-02-06 00:00:00",617497,282400
"2026-02-07 00:00:00",630066,311849
"2026-02-08 00:00:00",645402,311824
"2026-02-09 00:00:00",603123,264295
"2026-02-10 00:00:00",580435,256912
"2026-02-11 00:00:00",569976,259713
"2026-02-12 00:00:00",559546,259639
"2026-02-13 00:00:00",535513,261957
"2026-02-14 00:00:00",502108,258460
"2026-02-15 00:00:00",514373,260721
"2026-02-16 00:00:00",382833,211311
"2026-02-17 00:00:00",448501,234304
"2026-02-18 00:00:00",451121,236094
"2026-02-19 00:00:00",457159,239302
"2026-02-20 00:00:00",476896,246983
"2026-02-21 00:00:00",514928,273854
"2026-02-22 00:00:00",560741,290116
"2026-02-23 00:00:00",576196,285079
"2026-02-24 00:00:00",596770,272778
"2026-02-25 00:00:00",625500,263519
"2026-02-26 00:00:00",636778,282551
"2026-02-27 00:00:00",655945,292441
"2026-02-28 00:00:00",695174,320346
"2026-03-01 00:00:00",726514,342234
"2026-03-02 00:00:00",681695,290214
"2026-03-03 00:00:00",640978,268100
"2026-03-04 00:00:00",671540,275233
"2026-03-05 00:00:00",680418,276049
"2026-03-06 00:00:00",704565,297583
"2026-03-07 00:00:00",732163,339618
"2026-03-08 00:00:00",727613,333745
"2026-03-09 00:00:00",715966,280201
"2026-03-10 00:00:00",699909,273092
"2026-03-11 00:00:00",877068,288749
"2026-03-12 00:00:00",818684,326967
"2026-03-13 00:00:00",818062,343173
"2026-03-14 00:00:00",845462,393536
"2026-03-15 00:00:00",859821,390532
"2026-03-16 00:00:00",801627,314057
"2026-03-17 00:00:00",801363,316896
"2026-03-18 00:00:00",805071,321493
"2026-03-19 00:00:00",793476,316095
"2026-03-20 00:00:00",796667,331247
"2026-03-21 00:00:00",1339411,485157
"2026-03-22 00:00:00",835198,382959
"2026-03-23 00:00:00",836117,323372
"2026-03-24 00:00:00",827063,314505
"2026-03-25 00:00:00",806948,293233
"2026-03-26 00:00:00",791868,307401
"2026-03-27 00:00:00",765186,319034
"2026-03-28 00:00:00",852007,384939
"2026-03-29 00:00:00",861783,384082
"2026-03-30 00:00:00",831093,317021
"2026-03-31 00:00:00",836235,322810
"2026-04-01 00:00:00",810776,308299
"2026-04-02 00:00:00",796033,307652
"2026-04-03 00:00:00",775965,325910
"2026-04-04 00:00:00",734435,344733
"2026-04-05 00:00:00",754983,355955
"2026-04-06 00:00:00",765562,326395
"2026-04-07 00:00:00",770290,288899
"2026-04-08 00:00:00",963212,305424
"2026-04-09 00:00:00",958715,380309
"2026-04-10 00:00:00",957983,394484
"2026-04-11 00:00:00",981779,447014
"2026-04-12 00:00:00",974504,441529
"2026-04-13 00:00:00",923248,352956
"2026-04-14 00:00:00",906801,348020
"2026-04-15 00:00:00",908427,352764
"2026-04-16 00:00:00",864907,341945
"2026-04-17 00:00:00",864354,357701
"2026-04-18 00:00:00",867217,398082
"2026-04-19 00:00:00",874473,397124
"2026-04-20 00:00:00",842392,326008
"2026-04-21 00:00:00",847224,330802
"2026-04-22 00:00:00",898621,337936
"2026-04-23 00:00:00",877214,345746
"2026-04-24 00:00:00",873282,360988
"2026-04-25 00:00:00",868955,397592
"2026-04-26 00:00:00",880710,397522
"2026-04-27 00:00:00",848099,329186
"2026-04-28 00:00:00",840323,334010
"2026-04-29 00:00:00",847632,341748
"2026-04-30 00:00:00",767177,341806
"2026-05-01 00:00:00",723604,363713
"2026-05-02 00:00:00",722582,363780
"2026-05-03 00:00:00",745794,365532
"2026-05-04 00:00:00",728071,336380
"2026-05-05 00:00:00",749787,333395
"2026-05-06 00:00:00",765899,297988
"2026-05-07 00:00:00",773056,298619
"2026-05-08 00:00:00",810015,314843
"2026-05-09 00:00:00",822514,344499
"2026-05-10 00:00:00",782305,354231
"2026-05-11 00:00:00",732248,282308
"2026-05-12 00:00:00",721166,277200
"2026-05-13 00:00:00",815658,258583
"2026-05-14 00:00:00",799767,327106
"2026-05-15 00:00:00",791688,332403
"2026-05-16 00:00:00",809766,375893
"2026-05-17 00:00:00",798913,375795
"2026-05-18 00:00:00",769347,303279
"2026-05-19 00:00:00",766178,300333
"2026-05-20 00:00:00",717386,290017
"2026-05-21 00:00:00",749027,297695
"2026-05-22 00:00:00",772211,320634
"2026-05-23 00:00:00",775474,356763
"2026-05-24 00:00:00",782807,360338
"2026-05-25 00:00:00",758335,307306
"2026-05-26 00:00:00",737587,291188
"2026-05-27 00:00:00",754471,287015
"2026-05-28 00:00:00",731771,294214
"2026-05-29 00:00:00",752803,310595
"2026-05-30 00:00:00",742531,340586
"2026-05-31 00:00:00",744539,345287
"2026-06-01 00:00:00",704970,280267
"2026-06-02 00:00:00",723929,284803
"2026-06-03 00:00:00",752722,305234
"2026-06-04 00:00:00",741052,297668
"2026-06-05 00:00:00",755627,313393
"2026-06-06 00:00:00",768251,356835
"2026-06-07 00:00:00",775149,357646
"2026-06-08 00:00:00",752787,293038
"2026-06-09 00:00:00",732225,289401
"2026-06-10 00:00:00",720879,290896
"2026-06-11 00:00:00",701699,278999
"2026-06-12 00:00:00",723092,297337
"2026-06-13 00:00:00",740012,340086
"2026-06-14 00:00:00",735883,338316
"2026-06-15 00:00:00",707637,277151
"2026-06-16 00:00:00",702494,277518
"2026-06-17 00:00:00",827634,265114
"2026-06-18 00:00:00",772069,339010
"2026-06-19 00:00:00",740501,358219
"2026-06-20 00:00:00",784111,385046
"2026-06-21 00:00:00",827949,381117
"2026-06-22 00:00:00",818943,328805
"2026-06-23 00:00:00",816467,328179
"2026-06-24 00:00:00",811872,335883
"2026-06-25 00:00:00",776291,317392
"2026-06-26 00:00:00",742845,314687
"2026-06-27 00:00:00",759813,355500
"2026-06-28 00:00:00",761642,358896
"2026-06-29 00:00:00",743815,302099
"2026-06-30 00:00:00",725989,296681
"2026-07-01 00:00:00",739132,288795
"2026-07-02 00:00:00",725861,300944
"2026-07-03 00:00:00",736901,312911
"2026-07-04 00:00:00",741915,349416
"2026-07-05 00:00:00",735467,351799
"2026-07-06 00:00:00",690344,285092
"2026-07-07 00:00:00",713876,290690
"2026-07-08 00:00:00",744907,314388
"2026-07-09 00:00:00",745971,315299
"2026-07-10 00:00:00",747374,321954
"2026-07-11 00:00:00",771560,370925
"2026-07-12 00:00:00",778154,376392
"2026-07-13 00:00:00",721160,301405
"2026-07-14 00:00:00",705951,294881
"2026-07-15 00:00:00",759577,252079
"2026-07-16 00:00:00",745447,322936
"2026-07-17 00:00:00",734671,334158
"2026-07-18 00:00:00",751658,368720
"2026-07-19 00:00:00",757574,375638
"2026-07-20 00:00:00",738567,313830
"2026-07-21 00:00:00",753162,321965
"2026-07-22 00:00:00",740486,318749
"2026-07-23 00:00:00",761868,327095
"2026-07-24 00:00:00",748578,336122
"2026-07-25 00:00:00",780842,384177
"2026-07-26 00:00:00",805405,398392
"2026-07-27 00:00:00",777331,332429
"2026-07-28 00:00:00",778459,334118
"2026-07-29 00:00:00",756413,311996
"2026-07-30 00:00:00",746995,321024
"2026-07-31 00:00:00",748002,329556
"2026-08-01 00:00:00",753354,366588
"2026-08-02 00:00:00",733532,363700
"2026-08-03 00:00:00",732528,308007
"2026-08-04 00:00:00",736926,308252
"2026-08-05 00:00:00",737924,309610
"2026-08-06 00:00:00",724125,305867
"2026-08-07 00:00:00",727136,314847
"2026-08-08 00:00:00",728403,349434
"2026-08-09 00:00:00",739104,358809
"2026-08-10 00:00:00",728264,306137
"2026-08-11 00:00:00",730822,308271
"2026-08-12 00:00:00",788296,270068
"2026-08-13 00:00:00",765961,324172
"2026-08-14 00:00:00",761017,328850
"2026-08-15 00:00:00",754427,361507
"2026-08-16 00:00:00",763164,365965
"2026-08-17 00:00:00",749081,316625
"2026-08-18 00:00:00",733197,302691
"2026-08-19 00:00:00",685476,294626
"2026-08-20 00:00:00",717243,297657
"2026-08-21 00:00:00",735209,313562
"2026-08-22 00:00:00",107146,351168
"2026-08-22 01:00:00",138842,
"2026-08-22 02:00:00",182982,
"2026-08-22 03:00:00",203738,
"2026-08-22 04:00:00",246874,
"2026-08-22 05:00:00",328957,
"2026-08-22 06:00:00",407452,
"2026-08-22 07:00:00",453041,
"2026-08-22 08:00:00",457916,
"2026-08-22 09:00:00",447814,
"2026-08-22 10:00:00",399027,
"2026-08-22 11:00:00",489037,
"2026-08-22 12:00:00",632342,
"2026-08-22 13:00:00",731580,
"2026-08-22 14:00:00",737324,
"2026-08-22 15:00:00",703478,
"2026-08-22 16:00:00",581688,
"2026-08-22 17:00:00",453367,
"2026-08-22 18:00:00",359335,
"2026-08-22 19:00:00",288515,
"2026-08-22 20:00:00",237192,
"2026-08-22 21:00:00",196806,
"2026-08-22 22:00:00",159205,
"2026-08-22 23:00:00",125923,
"2026-08-23 00:00:00",112932,352970
"2026-08-23 01:00:00",145604,
"2026-08-23 02:00:00",195843,
"2026-08-23 03:00:00",221808,
"2026-08-23 04:00:00",275388,
"2026-08-23 05:00:00",373779,
"2026-08-23 06:00:00",465782,
"2026-08-23 07:00:00",518038,
"2026-08-23 08:00:00",522867,
"2026-08-23 09:00:00",509620,
"2026-08-23 10:00:00",448234,
"2026-08-23 11:00:00",534960,
"2026-08-23 12:00:00",667614,
"2026-08-23 13:00:00",733280,
"2026-08-23 14:00:00",731866,
"2026-08-23 15:00:00",649836,
"2026-08-23 16:00:00",491669,
"2026-08-23 17:00:00",368237,
"2026-08-23 18:00:00",298243,
"2026-08-23 19:00:00",250314,
"2026-08-23 20:00:00",208850,
"2026-08-23 21:00:00",170249,
"2026-08-23 22:00:00",135717,
"2026-08-23 23:00:00",108197,
"2026-08-24 00:00:00",95920,295944
"2026-08-24 01:00:00",115725,
"2026-08-24 02:00:00",146720,
"2026-08-24 03:00:00",161185,
"2026-08-24 04:00:00",192644,
"2026-08-24 05:00:00",240926,
"2026-08-24 06:00:00",290123,
"2026-08-24 07:00:00",326913,
"2026-08-24 08:00:00",336697,
"2026-08-24 09:00:00",334041,
"2026-08-24 10:00:00",347592,
"2026-08-24 11:00:00",473580,
"2026-08-24 12:00:00",637315,
"2026-08-24 13:00:00",717866,
"2026-08-24 14:00:00",716724,
"2026-08-24 15:00:00",636411,
"2026-08-24 16:00:00",473242,
"2026-08-24 17:00:00",351656,
"2026-08-24 18:00:00",283163,
"2026-08-24 19:00:00",237108,
"2026-08-24 20:00:00",198608,
"2026-08-24 21:00:00",160526,
"2026-08-24 22:00:00",126766,
"2026-08-24 23:00:00",102397,
"2026-08-25 00:00:00",95772,293970
"2026-08-25 01:00:00",115980,
"2026-08-25 02:00:00",146184,
"2026-08-25 03:00:00",159681,
"2026-08-25 04:00:00",192291,
"2026-08-25 05:00:00",241145,
"2026-08-25 06:00:00",288108,
"2026-08-25 07:00:00",323558,
"2026-08-25 08:00:00",332072,
"2026-08-25 09:00:00",329489,
"2026-08-25 10:00:00",345309,
"2026-08-25 11:00:00",471994,
"2026-08-25 12:00:00",634715,
"2026-08-25 13:00:00",715710,
"2026-08-25 14:00:00",715146,
"2026-08-25 15:00:00",633394,
"2026-08-25 16:00:00",471764,
"2026-08-25 17:00:00",350542,
"2026-08-25 18:00:00",281058,
"2026-08-25 19:00:00",234987,
"2026-08-25 20:00:00",196017,
"2026-08-25 21:00:00",158960,
"2026-08-25 22:00:00",126233,
"2026-08-25 23:00:00",98943,
"2026-08-26 00:00:00",79792,291650
"2026-08-26 01:00:00",25444,
"2026-08-26 02:00:00",26773,
"2026-08-26 03:00:00",56784,
"2026-08-26 04:00:00",188328,
"2026-08-26 05:00:00",260869,
"2026-08-26 06:00:00",315231,
"2026-08-26 07:00:00",349694,
"2026-08-26 08:00:00",355876,
"2026-08-26 09:00:00",350659,
"2026-08-26 10:00:00",369429,
"2026-08-26 11:00:00",502576,
"2026-08-26 12:00:00",662854,
"2026-08-26 13:00:00",733906,
"2026-08-26 14:00:00",731367,
"2026-08-26 15:00:00",639778,
"2026-08-26 16:00:00",480138,
"2026-08-26 17:00:00",377708,
"2026-08-26 18:00:00",303908,
"2026-08-26 19:00:00",250843,
"2026-08-26 20:00:00",199529,
"2026-08-26 21:00:00",160232,
"2026-08-26 22:00:00",136041,
"2026-08-26 23:00:00",111153,
"2026-08-27 00:00:00",102136,302393
"2026-08-27 01:00:00",124786,
"2026-08-27 02:00:00",153214,
"2026-08-27 03:00:00",167599,
"2026-08-27 04:00:00",200352,
"2026-08-27 05:00:00",250728,
"2026-08-27 06:00:00",299955,
"2026-08-27 07:00:00",337541,
"2026-08-27 08:00:00",346964,
"2026-08-27 09:00:00",343904,
"2026-08-27 10:00:00",352410,
"2026-08-27 11:00:00",485182,
"2026-08-27 12:00:00",654735,
"2026-08-27 13:00:00",735831,
"2026-08-27 14:00:00",735738,
"2026-08-27 15:00:00",653032,
"2026-08-27 16:00:00",484815,
"2026-08-27 17:00:00",355619,
"2026-08-27 18:00:00",281794,
"2026-08-27 19:00:00",235947,
"2026-08-27 20:00:00",197962,
"2026-08-27 21:00:00",162073,
"2026-08-27 22:00:00",129895,
"2026-08-27 23:00:00",104294,
"2026-08-28 00:00:00",95816,316131
"2026-08-28 01:00:00",119012,
"2026-08-28 02:00:00",150703,
"2026-08-28 03:00:00",166183,
"2026-08-28 04:00:00",199433,
"2026-08-28 05:00:00",252503,
"2026-08-28 06:00:00",303272,
"2026-08-28 07:00:00",341294,
"2026-08-28 08:00:00",349073,
"2026-08-28 09:00:00",345360,
"2026-08-28 10:00:00",346962,
"2026-08-28 11:00:00",467621,
"2026-08-28 12:00:00",629396,
"2026-08-28 13:00:00",729950,
"2026-08-28 14:00:00",736109,
"2026-08-28 15:00:00",697817,
"2026-08-28 16:00:00",561618,
"2026-08-28 17:00:00",428224,
"2026-08-28 18:00:00",336645,
"2026-08-28 19:00:00",273140,
"2026-08-28 20:00:00",226030,
"2026-08-28 21:00:00",185321,
"2026-08-28 22:00:00",149081,
"2026-08-28 23:00:00",117627,
"2026-08-29 00:00:00",107065,348963
"2026-08-29 01:00:00",138745,
"2026-08-29 02:00:00",183230,
"2026-08-29 03:00:00",204769,
"2026-08-29 04:00:00",245739,
"2026-08-29 05:00:00",326563,
"2026-08-29 06:00:00",405239,
"2026-08-29 07:00:00",451533,
"2026-08-29 08:00:00",457332,
"2026-08-29 09:00:00",448023,
"2026-08-29 10:00:00",397006,
"2026-08-29 11:00:00",483949,
"2026-08-29 12:00:00",623898,
"2026-08-29 13:00:00",721898,
"2026-08-29 14:00:00",729602,
"2026-08-29 15:00:00",698379,
"2026-08-29 16:00:00",574415,
"2026-08-29 17:00:00",449427,
"2026-08-29 18:00:00",356884,
"2026-08-29 19:00:00",288067,
"2026-08-29 20:00:00",238377,
"2026-08-29 21:00:00",197935,
"2026-08-29 22:00:00",160342,
"2026-08-29 23:00:00",126394,
"2026-08-30 00:00:00",110875,354591
"2026-08-30 01:00:00",143484,
"2026-08-30 02:00:00",193732,
"2026-08-30 03:00:00",220162,
"2026-08-30 04:00:00",273469,
"2026-08-30 05:00:00",371470,
"2026-08-30 06:00:00",464179,
"2026-08-30 07:00:00",519966,
"2026-08-30 08:00:00",526616,
"2026-08-30 09:00:00",515442,
"2026-08-30 10:00:00",455519,
"2026-08-30 11:00:00",544150,
"2026-08-30 12:00:00",682861,
"2026-08-30 13:00:00",744374,
"2026-08-30 14:00:00",743143,
"2026-08-30 15:00:00",649352,
"2026-08-30 16:00:00",481150,
"2026-08-30 17:00:00",362810,
"2026-08-30 18:00:00",297828,
"2026-08-30 19:00:00",251257,
"2026-08-30 20:00:00",211680,
"2026-08-30 21:00:00",173149,
"2026-08-30 22:00:00",137625,
"2026-08-30 23:00:00",108667,
"2026-08-31 00:00:00",96073,291066
"2026-08-31 01:00:00",115887,
"2026-08-31 02:00:00",145299,
"2026-08-31 03:00:00",159507,
"2026-08-31 04:00:00",193580,
"2026-08-31 05:00:00",239963,
"2026-08-31 06:00:00",285870,
"2026-08-31 07:00:00",322642,
"2026-08-31 08:00:00",334390,
"2026-08-31 09:00:00",333080,
"2026-08-31 10:00:00",347673,
"2026-08-31 11:00:00",470938,
"2026-08-31 12:00:00",630842,
"2026-08-31 13:00:00",709735,
"2026-08-31 14:00:00",708290,
"2026-08-31 15:00:00",619681,
"2026-08-31 16:00:00",451461,
"2026-08-31 17:00:00",336604,
"2026-08-31 18:00:00",274439,
"2026-08-31 19:00:00",232143,
"2026-08-31 20:00:00",194354,
"2026-08-31 21:00:00",156051,
"2026-08-31 22:00:00",123439,
"2026-08-31 23:00:00",98913,
"2026-09-01 00:00:00",95219,290240
"2026-09-01 01:00:00",118977,
"2026-09-01 02:00:00",150102,
"2026-09-01 03:00:00",163361,
"2026-09-01 04:00:00",198543,
"2026-09-01 05:00:00",245375,
"2026-09-01 06:00:00",291000,
"2026-09-01 07:00:00",322979,
"2026-09-01 08:00:00",330980,
"2026-09-01 09:00:00",328194,
"2026-09-01 10:00:00",343541,
"2026-09-01 11:00:00",466886,
"2026-09-01 12:00:00",624514,
"2026-09-01 13:00:00",703864,
"2026-09-01 14:00:00",703200,
"2026-09-01 15:00:00",615711,
"2026-09-01 16:00:00",449431,
"2026-09-01 17:00:00",332991,
"2026-09-01 18:00:00",270918,
"2026-09-01 19:00:00",229954,
"2026-09-01 20:00:00",191948,
"2026-09-01 21:00:00",153353,
"2026-09-01 22:00:00",121228,
"2026-09-01 23:00:00",95090,
"2026-09-02 00:00:00",94021,294361
"2026-09-02 01:00:00",118385,
"2026-09-02 02:00:00",136368,
"2026-09-02 03:00:00",154085,
"2026-09-02 04:00:00",195603,
"2026-09-02 05:00:00",250327,
"2026-09-02 06:00:00",299239,
"2026-09-02 07:00:00",333853,
"2026-09-02 08:00:00",341161,
"2026-09-02 09:00:00",338704,
"2026-09-02 10:00:00",358596,
"2026-09-02 11:00:00",487708,
"2026-09-02 12:00:00",647628,
"2026-09-02 13:00:00",725224,
"2026-09-02 14:00:00",723971,
"2026-09-02 15:00:00",630195,
"2026-09-02 16:00:00",456288,
"2026-09-02 17:00:00",335477,
"2026-09-02 18:00:00",269236,
"2026-09-02 19:00:00",227441,
"2026-09-02 20:00:00",189611,
"2026-09-02 21:00:00",152033,
"2026-09-02 22:00:00",120590,
"2026-09-02 23:00:00",96831,
"2026-09-03 00:00:00",97302,294859
"2026-09-03 01:00:00",122315,
"2026-09-03 02:00:00",154461,
"2026-09-03 03:00:00",167465,
"2026-09-03 04:00:00",203589,
"2026-09-03 05:00:00",248158,
"2026-09-03 06:00:00",291459,
"2026-09-03 07:00:00",322001,
"2026-09-03 08:00:00",329252,
"2026-09-03 09:00:00",324596,
"2026-09-03 10:00:00",347842,
"2026-09-03 11:00:00",480552,
"2026-09-03 12:00:00",638999,
"2026-09-03 13:00:00",719645,
"2026-09-03 14:00:00",718852,
"2026-09-03 15:00:00",639061,
"2026-09-03 16:00:00",455016,
"2026-09-03 17:00:00",342692,
"2026-09-03 18:00:00",269748,
"2026-09-03 19:00:00",228624,
"2026-09-03 20:00:00",189863,
"2026-09-03 21:00:00",150858,
"2026-09-03 22:00:00",118614,
"2026-09-03 23:00:00",94878,
"2026-09-04 00:00:00",93352,300378
"2026-09-04 01:00:00",117967,
"2026-09-04 02:00:00",148953,
"2026-09-04 03:00:00",161309,
"2026-09-04 04:00:00",197514,
"2026-09-04 05:00:00",240690,
"2026-09-04 06:00:00",281711,
"2026-09-04 07:00:00",311737,
"2026-09-04 08:00:00",316828,
"2026-09-04 09:00:00",313173,
"2026-09-04 10:00:00",328229,
"2026-09-04 11:00:00",453120,
"2026-09-04 12:00:00",611977,
"2026-09-04 13:00:00",713450,
"2026-09-04 14:00:00",717645,
"2026-09-04 15:00:00",673953,
"2026-09-04 16:00:00",533019,
"2026-09-04 17:00:00",403135,
"2026-09-04 18:00:00",317813,
"2026-09-04 19:00:00",256145,
"2026-09-04 20:00:00",211678,
"2026-09-04 21:00:00",173196,
"2026-09-04 22:00:00",139122,
"2026-09-04 23:00:00",109454,
"2026-09-05 00:00:00",102894,337234
"2026-09-05 01:00:00",133624,
"2026-09-05 02:00:00",176089,
"2026-09-05 03:00:00",196207,
"2026-09-05 04:00:00",239171,
"2026-09-05 05:00:00",316858,
"2026-09-05 06:00:00",388599,
"2026-09-05 07:00:00",431645,
"2026-09-05 08:00:00",435650,
"2026-09-05 09:00:00",426529,
"2026-09-05 10:00:00",379128,
"2026-09-05 11:00:00",474502,
"2026-09-05 12:00:00",618405,
"2026-09-05 13:00:00",712538,
"2026-09-05 14:00:00",715714,
"2026-09-05 15:00:00",678773,
"2026-09-05 16:00:00",556541,
"2026-09-05 17:00:00",435056,
"2026-09-05 18:00:00",341911,
"2026-09-05 19:00:00",257834,
"2026-09-05 20:00:00",230115,
"2026-09-05 21:00:00",189554,
"2026-09-05 22:00:00",152628,
"2026-09-05 23:00:00",120210,
"2026-09-06 00:00:00",107878,339555
"2026-09-06 01:00:00",141106,
"2026-09-06 02:00:00",190357,
"2026-09-06 03:00:00",216566,
"2026-09-06 04:00:00",271526,
"2026-09-06 05:00:00",368010,
"2026-09-06 06:00:00",455230,
"2026-09-06 07:00:00",504566,
"2026-09-06 08:00:00",508451,
"2026-09-06 09:00:00",496412,
"2026-09-06 10:00:00",437998,
"2026-09-06 11:00:00",525750,
"2026-09-06 12:00:00",663277,
"2026-09-06 13:00:00",721474,
"2026-09-06 14:00:00",718636,
"2026-09-06 15:00:00",615151,
"2026-09-06 16:00:00",446580,
"2026-09-06 17:00:00",333059,
"2026-09-06 18:00:00",272607,
"2026-09-06 19:00:00",233209,
"2026-09-06 20:00:00",196663,
"2026-09-06 21:00:00",158223,
"2026-09-06 22:00:00",124321,
"2026-09-06 23:00:00",98624,
"2026-09-07 00:00:00",93601,283136
"2026-09-07 01:00:00",115829,
"2026-09-07 02:00:00",144938,
"2026-09-07 03:00:00",158532,
"2026-09-07 04:00:00",193571,
"2026-09-07 05:00:00",228672,
"2026-09-07 06:00:00",265001,
"2026-09-07 07:00:00",294294,
"2026-09-07 08:00:00",305470,
"2026-09-07 09:00:00",303970,
"2026-09-07 10:00:00",333190,
"2026-09-07 11:00:00",463012,
"2026-09-07 12:00:00",622282,
"2026-09-07 13:00:00",703219,
"2026-09-07 14:00:00",702615,
"2026-09-07 15:00:00",611769,
"2026-09-07 16:00:00",439868,
"2026-09-07 17:00:00",326128,
"2026-09-07 18:00:00",268149,
"2026-09-07 19:00:00",229958,
"2026-09-07 20:00:00",194253,
"2026-09-07 21:00:00",157527,
"2026-09-07 22:00:00",124484,
"2026-09-07 23:00:00",99713,
"2026-09-08 00:00:00",96714,278531
"2026-09-08 01:00:00",118316,
"2026-09-08 02:00:00",146668,
"2026-09-08 03:00:00",159141,
"2026-09-08 04:00:00",194468,
"2026-09-08 05:00:00",233368,
"2026-09-08 06:00:00",269156,
"2026-09-08 07:00:00",298427,
"2026-09-08 08:00:00",309188,
"2026-09-08 09:00:00",307114,
"2026-09-08 10:00:00",330025,
"2026-09-08 11:00:00",459027,
"2026-09-08 12:00:00",618503,
"2026-09-08 13:00:00",699519,
"2026-09-08 14:00:00",697947,
"2026-09-08 15:00:00",610884,
"2026-09-08 16:00:00",441974,
"2026-09-08 17:00:00",324482,
"2026-09-08 18:00:00",261816,
"2026-09-08 19:00:00",196305,
"2026-09-08 20:00:00",165795,
"2026-09-08 21:00:00",134576,
"2026-09-08 22:00:00",109104,
"2026-09-08 23:00:00",87669,
"2026-09-09 00:00:00",86415,273132
"2026-09-09 01:00:00",107215,
"2026-09-09 02:00:00",135053,
"2026-09-09 03:00:00",149201,
"2026-09-09 04:00:00",186486,
"2026-09-09 05:00:00",224637,
"2026-09-09 06:00:00",261601,
"2026-09-09 07:00:00",291105,
"2026-09-09 08:00:00",301104,
"2026-09-09 09:00:00",299539,
"2026-09-09 10:00:00",328767,
"2026-09-09 11:00:00",455361,
"2026-09-09 12:00:00",603370,
"2026-09-09 13:00:00",675465,
"2026-09-09 14:00:00",674227,
"2026-09-09 15:00:00",581448,
"2026-09-09 16:00:00",416429,
"2026-09-09 17:00:00",314534,
"2026-09-09 18:00:00",264612,
"2026-09-09 19:00:00",223207,
"2026-09-09 20:00:00",183120,
"2026-09-09 21:00:00",147101,
"2026-09-09 22:00:00",120174,
"2026-09-09 23:00:00",93770,
"2026-09-10 00:00:00",71823,251737
"2026-09-10 01:00:00",18898,
"2026-09-10 02:00:00",19833,
"2026-09-10 03:00:00",19693,
"2026-09-10 04:00:00",21672,
"2026-09-10 05:00:00",22748,
"2026-09-10 06:00:00",25276,
"2026-09-10 07:00:00",33906,
"2026-09-10 08:00:00",76604,
"2026-09-10 09:00:00",354298,
"2026-09-10 10:00:00",448754,
"2026-09-10 11:00:00",571852,
"2026-09-10 12:00:00",708802,
"2026-09-10 13:00:00",783417,
"2026-09-10 14:00:00",783268,
"2026-09-10 15:00:00",706918,
"2026-09-10 16:00:00",528072,
"2026-09-10 17:00:00",382873,
"2026-09-10 18:00:00",298634,
"2026-09-10 19:00:00",237386,
"2026-09-10 20:00:00",202905,
"2026-09-10 21:00:00",164599,
"2026-09-10 22:00:00",130896,
"2026-09-10 23:00:00",105827,
"2026-09-11 00:00:00",111172,335579
"2026-09-11 01:00:00",140225,
"2026-09-11 02:00:00",179111,
"2026-09-11 03:00:00",196379,
"2026-09-11 04:00:00",242034,
"2026-09-11 05:00:00",282030,
"2026-09-11 06:00:00",321410,
"2026-09-11 07:00:00",351657,
"2026-09-11 08:00:00",360483,
"2026-09-11 09:00:00",356167,
"2026-09-11 10:00:00",383352,
"2026-09-11 11:00:00",517463,
"2026-09-11 12:00:00",668091,
"2026-09-11 13:00:00",750953,
"2026-09-11 14:00:00",767214,
"2026-09-11 15:00:00",712808,
"2026-09-11 16:00:00",587878,
"2026-09-11 17:00:00",450026,
"2026-09-11 18:00:00",347567,
"2026-09-11 19:00:00",277860,
"2026-09-11 20:00:00",230281,
"2026-09-11 21:00:00",186926,
"2026-09-11 22:00:00",150746,
"2026-09-11 23:00:00",119458,
"2026-09-12 00:00:00",114710,373935
"2026-09-12 01:00:00",151302,
"2026-09-12 02:00:00",201878,
"2026-09-12 03:00:00",226422,
"2026-09-12 04:00:00",274763,
"2026-09-12 05:00:00",356479,
"2026-09-12 06:00:00",431343,
"2026-09-12 07:00:00",474339,
"2026-09-12 08:00:00",479647,
"2026-09-12 09:00:00",469550,
"2026-09-12 10:00:00",423667,
"2026-09-12 11:00:00",532816,
"2026-09-12 12:00:00",688017,
"2026-09-12 13:00:00",784882,
"2026-09-12 14:00:00",791618,
"2026-09-12 15:00:00",750402,
"2026-09-12 16:00:00",614875,
"2026-09-12 17:00:00",474990,
"2026-09-12 18:00:00",376186,
"2026-09-12 19:00:00",302074,
"2026-09-12 20:00:00",247381,
"2026-09-12 21:00:00",203060,
"2026-09-12 22:00:00",163407,
"2026-09-12 23:00:00",130154,
"2026-09-13 00:00:00",118469,372292
"2026-09-13 01:00:00",156446,
"2026-09-13 02:00:00",212885,
"2026-09-13 03:00:00",244711,
"2026-09-13 04:00:00",303567,
"2026-09-13 05:00:00",402761,
"2026-09-13 06:00:00",492653,
"2026-09-13 07:00:00",546049,
"2026-09-13 08:00:00",552188,
"2026-09-13 09:00:00",538695,
"2026-09-13 10:00:00",476519,
"2026-09-13 11:00:00",589784,
"2026-09-13 12:00:00",736222,
"2026-09-13 13:00:00",794644,
"2026-09-13 14:00:00",791101,
"2026-09-13 15:00:00",678843,
"2026-09-13 16:00:00",488386,
"2026-09-13 17:00:00",362298,
"2026-09-13 18:00:00",293518,
"2026-09-13 19:00:00",248396,
"2026-09-13 20:00:00",210152,
"2026-09-13 21:00:00",169735,
"2026-09-13 22:00:00",133246,
"2026-09-13 23:00:00",106872,
"2026-09-14 00:00:00",99802,298476
"2026-09-14 01:00:00",121195,
"2026-09-14 02:00:00",154631,
"2026-09-14 03:00:00",169561,
"2026-09-14 04:00:00",208038,
"2026-09-14 05:00:00",214194,
"2026-09-14 05:10:00",218707,
"2026-09-14 05:20:00",224093,
"2026-09-14 05:30:00",229581,
"2026-09-14 05:40:00",235305,
"2026-09-14 05:50:00",240495,
"2026-09-14 06:00:00",244942,
"2026-09-14 06:10:00",250281,
"2026-09-14 06:20:00",256311,
"2026-09-14 06:30:00",263139,
"2026-09-14 06:40:00",269992,
"2026-09-14 06:50:00",276517,
"2026-09-14 07:00:00",282580,
"2026-09-14 07:10:00",288747,
"2026-09-14 07:20:00",294947,
"2026-09-14 07:30:00",300168,
"2026-09-14 07:40:00",305456,
"2026-09-14 07:50:00",309956,
"2026-09-14 08:00:00",313587,
"2026-09-14 08:10:00",317793,
"2026-09-14 08:20:00",321036,
"2026-09-14 08:30:00",323639,
"2026-09-14 08:40:00",325093,
"2026-09-14 08:50:00",325299,
"2026-09-14 09:00:00",324968,
"2026-09-14 09:10:00",322963,
"2026-09-14 09:20:00",320951,
"2026-09-14 09:30:00",319216,
"2026-09-14 09:40:00",299057,
"2026-09-14 09:50:00",293765,
"2026-09-14 10:00:00",300673,
"2026-09-14 10:10:00",309608,
"2026-09-14 10:20:00",319010,
"2026-09-14 10:30:00",330722,
"2026-09-14 10:40:00",344629,
"2026-09-14 10:50:00",360908,
"2026-09-14 11:00:00",379714,
"2026-09-14 11:10:00",402687,
"2026-09-14 11:20:00",426306,
"2026-09-14 11:30:00",452834,
"2026-09-14 11:40:00",481240,
"2026-09-14 11:50:00",509736,
"2026-09-14 12:00:00",538040,
"2026-09-14 12:10:00",567789,
"2026-09-14 12:20:00",598303,
"2026-09-14 12:30:00",626997,
"2026-09-14 12:40:00",653669,
"2026-09-14 12:50:00",676730,
"2026-09-14 13:00:00",670311,
"2026-09-14 13:10:00",675334,
"2026-09-14 13:20:00",697479,
"2026-09-14 13:30:00",722929,
"2026-09-14 13:40:00",741115,
"2026-09-14 13:50:00",751912,
"2026-09-14 14:00:00",753580,
"2026-09-14 14:10:00",752345,
"2026-09-14 14:20:00",746322,
"2026-09-14 14:30:00",734647,
"2026-09-14 14:40:00",717367,
"2026-09-14 14:50:00",696402,
"2026-09-14 15:00:00",668367,
"2026-09-14 15:10:00",633579,
"2026-09-14 15:20:00",601309,
"2026-09-14 15:30:00",568957,
"2026-09-14 15:40:00",537550,
"2026-09-14 15:50:00",507253,
"2026-09-14 16:00:00",476948,
"2026-09-14 16:10:00",446117,
"2026-09-14 16:20:00",420163,
"2026-09-14 16:30:00",397969,
"2026-09-14 16:40:00",378666,
"2026-09-14 16:50:00",361541,
"2026-09-14 17:00:00",345572,
"2026-09-14 17:10:00",329836,
"2026-09-14 17:20:00",316561,
"2026-09-14 17:30:00",304609,
"2026-09-14 17:40:00",294297,
"2026-09-14 17:50:00",284423,
"2026-09-14 18:00:00",275439,
"2026-09-14 18:10:00",266767,
"2026-09-14 18:20:00",258821,
"2026-09-14 18:30:00",251216,
"2026-09-14 18:40:00",244728,
"2026-09-14 18:50:00",238552,
"2026-09-14 19:00:00",232635,
"2026-09-14 19:10:00",218361,
"2026-09-14 19:20:00",215200,
"2026-09-14 19:30:00",214443,
"2026-09-14 19:40:00",207998,
"2026-09-14 19:50:00",201836,
"2026-09-14 20:00:00",194958,
"2026-09-14 20:10:00",187770,
"2026-09-14 20:20:00",181170,
"2026-09-14 20:30:00",174507,
"2026-09-14 20:40:00",168373,
"2026-09-14 20:50:00",161981,
"2026-09-14 21:00:00",155884,
"2026-09-14 21:10:00",149147,
"2026-09-14 21:20:00",143261,
"2026-09-14 21:30:00",137617,
"2026-09-14 21:40:00",132348,
"2026-09-14 21:50:00",127904,
"2026-09-14 22:00:00",122661,
"2026-09-14 22:10:00",117767,
"2026-09-14 22:20:00",113605,
"2026-09-14 22:30:00",109479,
"2026-09-14 22:40:00",105870,
"2026-09-14 22:50:00",102381,
"2026-09-14 23:00:00",99186,
"2026-09-14 23:10:00",95867,
"2026-09-14 23:20:00",93535,
"2026-09-14 23:30:00",91873,
"2026-09-14 23:40:00",90381,
"2026-09-14 23:50:00",89339,
"2026-09-15 00:00:00",88246,302380
"2026-09-15 00:10:00",87807,
"2026-09-15 00:20:00",89577,
"2026-09-15 00:30:00",92092,
"2026-09-15 00:40:00",95279,
"2026-09-15 00:50:00",98350,
"2026-09-15 01:00:00",101463,
"2026-09-15 01:10:00",105188,
"2026-09-15 01:20:00",109199,
"2026-09-15 01:30:00",113155,
"2026-09-15 01:40:00",117600,
"2026-09-15 01:50:00",121924,
"2026-09-15 02:00:00",127941,
"2026-09-15 02:10:00",136154,
"2026-09-15 02:20:00",143053,
"2026-09-15 02:30:00",148654,
"2026-09-15 02:40:00",153315,
"2026-09-15 02:50:00",158415,
"2026-09-15 03:00:00",161943,
"2026-09-15 03:10:00",164443,
"2026-09-15 03:20:00",166819,
"2026-09-15 03:30:00",168694,
"2026-09-15 03:40:00",171022,
"2026-09-15 03:50:00",173517,
"2026-09-15 04:00:00",176852,
"2026-09-15 04:10:00",182505,
"2026-09-15 04:20:00",189808,
"2026-09-15 04:30:00",197785,
"2026-09-15 04:40:00",205908,
"2026-09-15 04:50:00",213125,
"2026-09-15 05:00:00",218845,
"2026-09-15 05:10:00",225287,
"2026-09-15 05:20:00",231330,
"2026-09-15 05:30:00",236409,
"2026-09-15 05:40:00",242347,
"2026-09-15 05:50:00",247131,
"2026-09-15 06:00:00",252216,
"2026-09-15 06:10:00",257622,
"2026-09-15 06:20:00",264040,
"2026-09-15 06:30:00",270100,
"2026-09-15 06:40:00",276569,
"2026-09-15 06:50:00",282495,
"2026-09-15 07:00:00",287844,
"2026-09-15 07:10:00",293562,
"2026-09-15 07:20:00",298519,
"2026-09-15 07:30:00",303932,
"2026-09-15 07:40:00",309275,
"2026-09-15 07:50:00",313895,
"2026-09-15 08:00:00",317956,
"2026-09-15 08:10:00",321514,
"2026-09-15 08:20:00",324587,
"2026-09-15 08:30:00",326633,
"2026-09-15 08:40:00",327781,
"2026-09-15 08:50:00",328010,
"2026-09-15 09:00:00",326825,
"2026-09-15 09:10:00",324621,
"2026-09-15 09:20:00",321849,
"2026-09-15 09:30:00",319602,
"2026-09-15 09:40:00",317555,
"2026-09-15 09:50:00",316747,
"2026-09-15 10:00:00",316673,
"2026-09-15 10:10:00",317488,
"2026-09-15 10:20:00",325963,
"2026-09-15 10:30:00",335246,
"2026-09-15 10:40:00",347551,
"2026-09-15 10:50:00",362334,
"2026-09-15 11:00:00",379917,
"2026-09-15 11:10:00",400722,
"2026-09-15 11:20:00",424316,
"2026-09-15 11:30:00",450167,
"2026-09-15 11:40:00",478137,
"2026-09-15 11:50:00",505183,
"2026-09-15 12:00:00",534350,
"2026-09-15 12:10:00",565189,
"2026-09-15 12:20:00",594167,
"2026-09-15 12:30:00",622349,
"2026-09-15 12:40:00",649226,
"2026-09-15 12:50:00",673775,
"2026-09-15 13:00:00",693611,
"2026-09-15 13:10:00",714530,
"2026-09-15 13:20:00",732364,
"2026-09-15 13:30:00",746400,
"2026-09-15 13:40:00",752357,
"2026-09-15 13:50:00",701288,
"2026-09-15 14:00:00",756828,
"2026-09-15 14:10:00",754644,
"2026-09-15 14:20:00",746959,
"2026-09-15 14:30:00",727219,
"2026-09-15 14:40:00",705518,
"2026-09-15 14:50:00",685106,
"2026-09-15 15:00:00",658615,
"2026-09-15 15:10:00",625949,
"2026-09-15 15:20:00",595537,
"2026-09-15 15:30:00",564239,
"2026-09-15 15:40:00",533016,
"2026-09-15 15:50:00",503280,
"2026-09-15 16:00:00",473040,
"2026-09-15 16:10:00",442358,
"2026-09-15 16:20:00",417365,
"2026-09-15 16:30:00",395421,
"2026-09-15 16:40:00",376346,
"2026-09-15 16:50:00",359920,
"2026-09-15 17:00:00",343679,
"2026-09-15 17:10:00",328555,
"2026-09-15 17:20:00",314658,
"2026-09-15 17:30:00",303222,
"2026-09-15 17:40:00",292784,
"2026-09-15 17:50:00",282731,
"2026-09-15 18:00:00",273401,
"2026-09-15 18:10:00",265288,
"2026-09-15 18:20:00",257746,
"2026-09-15 18:30:00",250710,
"2026-09-15 18:40:00",244738,
"2026-09-15 18:50:00",238277,
"2026-09-15 19:00:00",231472,
"2026-09-15 19:10:00",225138,
"2026-09-15 19:20:00",218679,
"2026-09-15 19:30:00",212146,
"2026-09-15 19:40:00",205539,
"2026-09-15 19:50:00",199604,
"2026-09-15 20:00:00",192764,
"2026-09-15 20:10:00",185954,
"2026-09-15 20:20:00",179237,
"2026-09-15 20:30:00",172964,
"2026-09-15 20:40:00",166449,
"2026-09-15 20:50:00",160273,
"2026-09-15 21:00:00",154096,
"2026-09-15 21:10:00",147674,
"2026-09-15 21:20:00",142017,
"2026-09-15 21:30:00",136581,
"2026-09-15 21:40:00",131762,
"2026-09-15 21:50:00",126947,
"2026-09-15 22:00:00",122134,
"2026-09-15 22:10:00",,
"2026-09-15 22:20:00",95878,
"2026-09-15 22:30:00",105009,
"2026-09-15 22:40:00",103099,
"2026-09-15 22:50:00",100540,
"2026-09-15 23:00:00",97516,
"2026-09-15 23:10:00",94302,
"2026-09-15 23:20:00",92090,
"2026-09-15 23:30:00",90353,
"2026-09-15 23:40:00",88683,
"2026-09-15 23:50:00",87624,
"2026-09-16 00:00:00",86848,303017
"2026-09-16 00:10:00",86822,
"2026-09-16 00:20:00",88355,
"2026-09-16 00:30:00",89439,
"2026-09-16 00:40:00",,
"2026-09-16 00:50:00",,
"2026-09-16 01:00:00",99241,
"2026-09-16 01:10:00",102655,
"2026-09-16 01:20:00",106696,
"2026-09-16 01:30:00",110462,
"2026-09-16 01:40:00",114516,
"2026-09-16 01:50:00",118631,
"2026-09-16 02:00:00",123686,
"2026-09-16 02:10:00",130501,
"2026-09-16 02:20:00",136133,
"2026-09-16 02:30:00",140048,
"2026-09-16 02:40:00",144758,
"2026-09-16 02:50:00",149964,
"2026-09-16 03:00:00",154288,
"2026-09-16 03:10:00",157504,
"2026-09-16 03:20:00",160556,
"2026-09-16 03:30:00",162489,
"2026-09-16 03:40:00",164719,
"2026-09-16 03:50:00",167403,
"2026-09-16 04:00:00",171224,
"2026-09-16 04:10:00",176501,
"2026-09-16 04:20:00",183719,
"2026-09-16 04:30:00",188101,
"2026-09-16 04:40:00",195911,
"2026-09-16 04:50:00",204585,
"2026-09-16 05:00:00",211974,
"2026-09-16 05:10:00",219534,
"2026-09-16 05:20:00",226530,
"2026-09-16 05:30:00",232935,
"2026-09-16 05:40:00",238937,
"2026-09-16 05:50:00",244968,
"2026-09-16 06:00:00",250765,
"2026-09-16 06:10:00",256437,
"2026-09-16 06:20:00",263531,
"2026-09-16 06:30:00",269834,
"2026-09-16 06:40:00",276915,
"2026-09-16 06:50:00",283305,
"2026-09-16 07:00:00",289327,
"2026-09-16 07:10:00",295393,
"2026-09-16 07:20:00",301484,
"2026-09-16 07:30:00",306474,
"2026-09-16 07:40:00",311643,
"2026-09-16 07:50:00",316214,
"2026-09-16 08:00:00",319180,
"2026-09-16 08:10:00",321982,
"2026-09-16 08:20:00",325258,
"2026-09-16 08:30:00",327529,
"2026-09-16 08:40:00",328949,
"2026-09-16 08:50:00",329104,
"2026-09-16 09:00:00",328184,
"2026-09-16 09:10:00",325375,
"2026-09-16 09:20:00",322803,
"2026-09-16 09:30:00",320510,
"2026-09-16 09:40:00",318205,
"2026-09-16 09:50:00",316789,
"2026-09-16 10:00:00",316672,
"2026-09-16 10:10:00",318251,
"2026-09-16 10:20:00",324111,
"2026-09-16 10:30:00",332324,
"2026-09-16 10:40:00",342931,
"2026-09-16 10:50:00",356644,
"2026-09-16 11:00:00",373643,
"2026-09-16 11:10:00",394822,
"2026-09-16 11:20:00",417962,
"2026-09-16 11:30:00",442669,
"2026-09-16 11:40:00",470036,
"2026-09-16 11:50:00",497295,
"2026-09-16 12:00:00",524604,
"2026-09-16 12:10:00",553874,
"2026-09-16 12:20:00",583425,
"2026-09-16 12:30:00",611053,
"2026-09-16 12:40:00",637791,
"2026-09-16 12:50:00",662159,
"2026-09-16 13:00:00",683454,
"2026-09-16 13:10:00",703819,
"2026-09-16 13:20:00",722244,
"2026-09-16 13:30:00",735283,
"2026-09-16 13:40:00",747441,
"2026-09-16 13:50:00",753426,
"2026-09-16 14:00:00",754003,
"2026-09-16 14:10:00",749338,
"2026-09-16 14:20:00",741445,
"2026-09-16 14:30:00",730063,
"2026-09-16 14:40:00",712519,
"2026-09-16 14:50:00",691671,
"2026-09-16 15:00:00",665115,
"2026-09-16 15:10:00",630841,
"2026-09-16 15:20:00",599595,
"2026-09-16 15:30:00",567781,
"2026-09-16 15:40:00",535024,
"2026-09-16 15:50:00",504667,
"2026-09-16 16:00:00",474732,
"2026-09-16 16:10:00",443528,
"2026-09-16 16:20:00",417409,
"2026-09-16 16:30:00",395518,
"2026-09-16 16:40:00",376469,
"2026-09-16 16:50:00",359655,
"2026-09-16 17:00:00",343239,
"2026-09-16 17:10:00",328712,
"2026-09-16 17:20:00",315593,
"2026-09-16 17:30:00",303836,
"2026-09-16 17:40:00",293170,
"2026-09-16 17:50:00",283843,
"2026-09-16 18:00:00",274834,
"2026-09-16 18:10:00",265884,
"2026-09-16 18:20:00",258288,
"2026-09-16 18:30:00",251233,
"2026-09-16 18:40:00",244442,
"2026-09-16 18:50:00",237665,
"2026-09-16 19:00:00",231064,
"2026-09-16 19:10:00",224185,
"2026-09-16 19:20:00",217238,
"2026-09-16 19:30:00",210644,
"2026-09-16 19:40:00",204361,
"2026-09-16 19:50:00",197933,
"2026-09-16 20:00:00",191531,
"2026-09-16 20:10:00",184842,
"2026-09-16 20:20:00",178498,
"2026-09-16 20:30:00",172017,
"2026-09-16 20:40:00",166127,
"2026-09-16 20:50:00",160136,
"2026-09-16 21:00:00",154184,
"2026-09-16 21:10:00",148425,
"2026-09-16 21:20:00",142495,
"2026-09-16 21:30:00",137220,
"2026-09-16 21:40:00",132204,
"2026-09-16 21:50:00",127663,
"2026-09-16 22:00:00",122862,
"2026-09-16 22:10:00",117987,
"2026-09-16 22:20:00",113639,
"2026-09-16 22:30:00",109771,
"2026-09-16 22:40:00",106415,
"2026-09-16 22:50:00",103039,
"2026-09-16 23:00:00",99329,
"2026-09-16 23:10:00",95663,
"2026-09-16 23:20:00",93316,
"2026-09-16 23:30:00",91400,
"2026-09-16 23:40:00",89848,
"2026-09-16 23:50:00",88820,
"2026-09-17 00:00:00",88004,301728
"2026-09-17 00:10:00",87976,
"2026-09-17 00:20:00",89649,
"2026-09-17 00:30:00",92028,
"2026-09-17 00:40:00",94946,
"2026-09-17 00:50:00",97998,
"2026-09-17 01:00:00",101232,
"2026-09-17 01:10:00",104869,
"2026-09-17 01:20:00",108875,
"2026-09-17 01:30:00",113205,
"2026-09-17 01:40:00",117514,
"2026-09-17 01:50:00",122056,
"2026-09-17 02:00:00",127954,
"2026-09-17 02:10:00",135336,
"2026-09-17 02:20:00",141951,
"2026-09-17 02:30:00",147854,
"2026-09-17 02:40:00",153701,
"2026-09-17 02:50:00",158847,
"2026-09-17 03:00:00",162299,
"2026-09-17 03:10:00",165147,
"2026-09-17 03:20:00",167653,
"2026-09-17 03:30:00",169227,
"2026-09-17 03:40:00",170713,
"2026-09-17 03:50:00",173584,
"2026-09-17 04:00:00",176796,
"2026-09-17 04:10:00",181997,
"2026-09-17 04:20:00",189349,
"2026-09-17 04:30:00",196885,
"2026-09-17 04:40:00",204872,
"2026-09-17 04:50:00",211800,
"2026-09-17 05:00:00",217698,
"2026-09-17 05:10:00",223931,
"2026-09-17 05:20:00",230648,
"2026-09-17 05:30:00",236509,
"2026-09-17 05:40:00",242239,
"2026-09-17 05:50:00",248038,
"2026-09-17 06:00:00",253080,
"2026-09-17 06:10:00",258468,
"2026-09-17 06:20:00",265190,
"2026-09-17 06:30:00",271577,
"2026-09-17 06:40:00",278251,
"2026-09-17 06:50:00",284049,
"2026-09-17 07:00:00",289641,
"2026-09-17 07:10:00",295434,
"2026-09-17 07:20:00",300904,
"2026-09-17 07:30:00",306310,
"2026-09-17 07:40:00",310891,
"2026-09-17 07:50:00",315550,
"2026-09-17 08:00:00",319505,
"2026-09-17 08:10:00",322901,
"2026-09-17 08:20:00",325906,
"2026-09-17 08:30:00",327803,
"2026-09-17 08:40:00",329300,
"2026-09-17 08:50:00",329034,
"2026-09-17 09:00:00",327878,
"2026-09-17 09:10:00",324713,
"2026-09-17 09:20:00",321898,
"2026-09-17 09:30:00",318887,
"2026-09-17 09:40:00",316700,
"2026-09-17 09:50:00",314909,
"2026-09-17 10:00:00",315199,
"2026-09-17 10:10:00",317553,
"2026-09-17 10:20:00",323880,
"2026-09-17 10:30:00",332395,
"2026-09-17 10:40:00",344226,
"2026-09-17 10:50:00",358664,
"2026-09-17 11:00:00",375824,
"2026-09-17 11:10:00",395847,
"2026-09-17 11:20:00",417691,
"2026-09-17 11:30:00",442271,
"2026-09-17 11:40:00",469114,
"2026-09-17 11:50:00",496452,
"2026-09-17 12:00:00",524588,
"2026-09-17 12:10:00",553346,
"2026-09-17 12:20:00",581850,
"2026-09-17 12:30:00",609255,
"2026-09-17 12:40:00",635710,
"2026-09-17 12:50:00",659981,
"2026-09-17 13:00:00",682899,
"2026-09-17 13:10:00",704734,
"2026-09-17 13:20:00",722785,
"2026-09-17 13:30:00",736015,
"2026-09-17 13:40:00",748200,
"2026-09-17 13:50:00",753170,
"2026-09-17 14:00:00",753819,
"2026-09-17 14:10:00",749851,
"2026-09-17 14:20:00",742426,
"2026-09-17 14:30:00",730426,
"2026-09-17 14:40:00",712885,
"2026-09-17 14:50:00",692272,
"2026-09-17 15:00:00",666003,
"2026-09-17 15:10:00",633028,
"2026-09-17 15:20:00",601916,
"2026-09-17 15:30:00",570311,
"2026-09-17 15:40:00",538585,
"2026-09-17 15:50:00",509024,
"2026-09-17 16:00:00",478835,
"2026-09-17 16:10:00",448852,
"2026-09-17 16:20:00",423174,
"2026-09-17 16:30:00",401257,
"2026-09-17 16:40:00",382336,
"2026-09-17 16:50:00",365467,
"2026-09-17 17:00:00",349290,
"2026-09-17 17:10:00",334008,
"2026-09-17 17:20:00",320781,
"2026-09-17 17:30:00",308877,
"2026-09-17 17:40:00",298565,
"2026-09-17 17:50:00",288816,
"2026-09-17 18:00:00",279853,
"2026-09-17 18:10:00",270680,
"2026-09-17 18:20:00",262505,
"2026-09-17 18:30:00",254606,
"2026-09-17 18:40:00",247508,
"2026-09-17 18:50:00",240676,
"2026-09-17 19:00:00",233437,
"2026-09-17 19:10:00",226090,
"2026-09-17 19:20:00",219315,
"2026-09-17 19:30:00",212740,
"2026-09-17 19:40:00",206497,
"2026-09-17 19:50:00",200252,
"2026-09-17 20:00:00",193892,
"2026-09-17 20:10:00",187217,
"2026-09-17 20:20:00",180941,
"2026-09-17 20:30:00",174393,
"2026-09-17 20:40:00",168313,
"2026-09-17 20:50:00",162250,
"2026-09-17 21:00:00",156328,
"2026-09-17 21:10:00",150468,
"2026-09-17 21:20:00",144709,
"2026-09-17 21:30:00",139523,
"2026-09-17 21:40:00",134441,
"2026-09-17 21:50:00",129785,
"2026-09-17 22:00:00",124719,
"2026-09-17 22:10:00",119850,
"2026-09-17 22:20:00",115603,
"2026-09-17 22:30:00",111755,
"2026-09-17 22:40:00",107945,
"2026-09-17 22:50:00",104364,
"2026-09-17 23:00:00",100331,
"2026-09-17 23:10:00",96723,
"2026-09-17 23:20:00",94060,
"2026-09-17 23:30:00",91978,
"2026-09-17 23:40:00",90297,
"2026-09-17 23:50:00",89366,
"2026-09-18 00:00:00",88478,322395
"2026-09-18 00:10:00",88047,
"2026-09-18 00:20:00",89433,
"2026-09-18 00:30:00",91559,
"2026-09-18 00:40:00",94129,
"2026-09-18 00:50:00",97176,
"2026-09-18 01:00:00",100339,
"2026-09-18 01:10:00",103781,
"2026-09-18 01:20:00",107890,
"2026-09-18 01:30:00",112227,
"2026-09-18 01:40:00",116545,
"2026-09-18 01:50:00",121226,
"2026-09-18 02:00:00",127091,
"2026-09-18 02:10:00",134861,
"2026-09-18 02:20:00",141253,
"2026-09-18 02:30:00",147062,
"2026-09-18 02:40:00",152343,
"2026-09-18 02:50:00",156761,
"2026-09-18 03:00:00",160269,
"2026-09-18 03:10:00",162881,
"2026-09-18 03:20:00",165082,
"2026-09-18 03:30:00",166641,
"2026-09-18 03:40:00",169061,
"2026-09-18 03:50:00",171882,
"2026-09-18 04:00:00",175407,
"2026-09-18 04:10:00",180763,
"2026-09-18 04:20:00",188311,
"2026-09-18 04:30:00",196449,
"2026-09-18 04:40:00",204307,
"2026-09-18 04:50:00",211621,
"2026-09-18 05:00:00",217939,
"2026-09-18 05:10:00",225215,
"2026-09-18 05:20:00",232154,
"2026-09-18 05:30:00",238772,
"2026-09-18 05:40:00",244845,
"2026-09-18 05:50:00",250894,
"2026-09-18 06:00:00",256199,
"2026-09-18 06:10:00",262383,
"2026-09-18 06:20:00",269646,
"2026-09-18 06:30:00",275998,
"2026-09-18 06:40:00",282905,
"2026-09-18 06:50:00",289418,
"2026-09-18 07:00:00",295071,
"2026-09-18 07:10:00",300917,
"2026-09-18 07:20:00",306889,
"2026-09-18 07:30:00",312174,
"2026-09-18 07:40:00",317026,
"2026-09-18 07:50:00",321213,
"2026-09-18 08:00:00",325096,
"2026-09-18 08:10:00",328513,
"2026-09-18 08:20:00",331029,
"2026-09-18 08:30:00",332265,
"2026-09-18 08:40:00",333168,
"2026-09-18 08:50:00",332981,
"2026-09-18 09:00:00",331403,
"2026-09-18 09:10:00",328172,
"2026-09-18 09:20:00",324844,
"2026-09-18 09:30:00",322076,
"2026-09-18 09:40:00",318693,
"2026-09-18 09:50:00",317529,
"2026-09-18 10:00:00",316345,
"2026-09-18 10:10:00",318327,
"2026-09-18 10:20:00",324070,
"2026-09-18 10:30:00",332446,
"2026-09-18 10:40:00",343219,
"2026-09-18 10:50:00",356721,
"2026-09-18 11:00:00",372875,
"2026-09-18 11:10:00",393137,
"2026-09-18 11:20:00",414925,
"2026-09-18 11:30:00",439621,
"2026-09-18 11:40:00",467220,
"2026-09-18 11:50:00",494019,
"2026-09-18 12:00:00",522122,
"2026-09-18 12:10:00",553214,
"2026-09-18 12:20:00",582384,
"2026-09-18 12:30:00",611523,
"2026-09-18 12:40:00",640265,
"2026-09-18 12:50:00",665925,
"2026-09-18 13:00:00",688213,
"2026-09-18 13:10:00",711772,
"2026-09-18 13:20:00",732414,
"2026-09-18 13:30:00",750394,
"2026-09-18 13:40:00",765675,
"2026-09-18 13:50:00",777094,
"2026-09-18 14:00:00",781722,
"2026-09-18 14:10:00",783474,
"2026-09-18 14:20:00",745379,
"2026-09-18 14:30:00",774117,
"2026-09-18 14:40:00",770965,
"2026-09-18 14:50:00",759624,
"2026-09-18 15:00:00",741239,
"2026-09-18 15:10:00",717492,
"2026-09-18 15:20:00",692855,
"2026-09-18 15:30:00",667646,
"2026-09-18 15:40:00",640405,
"2026-09-18 15:50:00",613941,
"2026-09-18 16:00:00",584193,
"2026-09-18 16:10:00",553673,
"2026-09-18 16:20:00",526164,
"2026-09-18 16:30:00",493339,
"2026-09-18 16:40:00",482588,
"2026-09-18 16:50:00",461067,
"2026-09-18 17:00:00",440645,
"2026-09-18 17:10:00",420249,
"2026-09-18 17:20:00",402043,
"2026-09-18 17:30:00",385459,
"2026-09-18 17:40:00",370043,
"2026-09-18 17:50:00",355322,
"2026-09-18 18:00:00",341628,
"2026-09-18 18:10:00",325280,
"2026-09-18 18:20:00",313173,
"2026-09-18 18:30:00",301959,
"2026-09-18 18:40:00",291913,
"2026-09-18 18:50:00",282186,
"2026-09-18 19:00:00",274379,
"2026-09-18 19:10:00",265048,
"2026-09-18 19:20:00",255790,
"2026-09-18 19:30:00",247511,
"2026-09-18 19:40:00",240166,
"2026-09-18 19:50:00",232559,
"2026-09-18 20:00:00",225425,
"2026-09-18 20:10:00",217839,
"2026-09-18 20:20:00",211144,
"2026-09-18 20:30:00",204390,
"2026-09-18 20:40:00",198061,
"2026-09-18 20:50:00",191594,
"2026-09-18 21:00:00",184641,
"2026-09-18 21:10:00",177638,
"2026-09-18 21:20:00",171467,
"2026-09-18 21:30:00",165157,
"2026-09-18 21:40:00",158983,
"2026-09-18 21:50:00",152993,
"2026-09-18 22:00:00",147393,
"2026-09-18 22:10:00",141200,
"2026-09-18 22:20:00",135559,
"2026-09-18 22:30:00",130401,
"2026-09-18 22:40:00",125653,
"2026-09-18 22:50:00",121203,
"2026-09-18 23:00:00",116416,
"2026-09-18 23:10:00",111579,
"2026-09-18 23:20:00",108455,
"2026-09-18 23:30:00",105735,
"2026-09-18 23:40:00",103604,
"2026-09-18 23:50:00",101790,
"2026-09-19 00:00:00",100310,355746
"2026-09-19 00:10:00",99019,
"2026-09-19 00:20:00",100466,
"2026-09-19 00:30:00",102788,
"2026-09-19 00:40:00",105731,
"2026-09-19 00:50:00",109313,
"2026-09-19 01:00:00",113514,
"2026-09-19 01:10:00",118284,
"2026-09-19 01:20:00",123953,
"2026-09-19 01:30:00",129994,
"2026-09-19 01:40:00",136536,
"2026-09-19 01:50:00",143457,
"2026-09-19 02:00:00",151026,
"2026-09-19 02:10:00",161309,
"2026-09-19 02:20:00",170522,
"2026-09-19 02:30:00",178685,
"2026-09-19 02:40:00",186472,
"2026-09-19 02:50:00",194101,
"2026-09-19 03:00:00",199628,
"2026-09-19 03:10:00",204096,
"2026-09-19 03:20:00",208009,
"2026-09-19 03:30:00",211219,
"2026-09-19 03:40:00",214416,
"2026-09-19 03:50:00",217688,
"2026-09-19 04:00:00",221393,
"2026-09-19 04:10:00",227053,
"2026-09-19 04:20:00",235017,
"2026-09-19 04:30:00",244558,
"2026-09-19 04:40:00",255588,
"2026-09-19 04:50:00",266943,
"2026-09-19 05:00:00",278995,
"2026-09-19 05:10:00",292630,
"2026-09-19 05:20:00",307483,
"2026-09-19 05:30:00",322183,
"2026-09-19 05:40:00",337653,
"2026-09-19 05:50:00",352114,
"2026-09-19 06:00:00",366479,
"2026-09-19 06:10:00",380624,
"2026-09-19 06:20:00",394847,
"2026-09-19 06:30:00",408614,
"2026-09-19 06:40:00",421327,
"2026-09-19 06:50:00",432510,
"2026-09-19 07:00:00",442564,
"2026-09-19 07:10:00",452010,
"2026-09-19 07:20:00",460958,
"2026-09-19 07:30:00",467391,
"2026-09-19 07:40:00",473992,
"2026-09-19 07:50:00",479467,
"2026-09-19 08:00:00",482725,
"2026-09-19 08:10:00",484227,
"2026-09-19 08:20:00",485304,
"2026-09-19 08:30:00",485510,
"2026-09-19 08:40:00",483131,
"2026-09-19 08:50:00",480005,
"2026-09-19 09:00:00",474016,
"2026-09-19 09:10:00",464561,
"2026-09-19 09:20:00",455393,
"2026-09-19 09:30:00",444923,
"2026-09-19 09:40:00",434783,
"2026-09-19 09:50:00",425361,
"2026-09-19 10:00:00",413312,
"2026-09-19 10:10:00",410259,
"2026-09-19 10:20:00",406396,
"2026-09-19 10:30:00",406683,
"2026-09-19 10:40:00",411757,
"2026-09-19 10:50:00",419646,
"2026-09-19 11:00:00",431027,
"2026-09-19 11:10:00",446815,
"2026-09-19 11:20:00",464228,
"2026-09-19 11:30:00",484298,
"2026-09-19 11:40:00",507819,
"2026-09-19 11:50:00",532299,
"2026-09-19 12:00:00",557040,
"2026-09-19 12:10:00",585047,
"2026-09-19 12:20:00",610514,
"2026-09-19 12:30:00",635453,
"2026-09-19 12:40:00",660678,
"2026-09-19 12:50:00",684850,
"2026-09-19 13:00:00",705595,
"2026-09-19 13:10:00",724881,
"2026-09-19 13:20:00",742759,
"2026-09-19 13:30:00",756494,
"2026-09-19 13:40:00",768423,
"2026-09-19 13:50:00",775019,
"2026-09-19 14:00:00",775517,
"2026-09-19 14:10:00",772158,
"2026-09-19 14:20:00",766047,
"2026-09-19 14:30:00",755812,
"2026-09-19 14:40:00",741490,
"2026-09-19 14:50:00",724136,
"2026-09-19 15:00:00",700474,
"2026-09-19 15:10:00",671358,
"2026-09-19 15:20:00",643116,
"2026-09-19 15:30:00",615291,
"2026-09-19 15:40:00",584419,
"2026-09-19 15:50:00",556184,
"2026-09-19 16:00:00",527498,
"2026-09-19 16:10:00",497561,
"2026-09-19 16:20:00",472269,
"2026-09-19 16:30:00",449734,
"2026-09-19 16:40:00",429802,
"2026-09-19 16:50:00",412738,
"2026-09-19 17:00:00",395401,
"2026-09-19 17:10:00",377846,
"2026-09-19 17:20:00",362457,
"2026-09-19 17:30:00",349686,
"2026-09-19 17:40:00",337574,
"2026-09-19 17:50:00",326090,
"2026-09-19 18:00:00",315347,
"2026-09-19 18:10:00",304896,
"2026-09-19 18:20:00",294902,
"2026-09-19 18:30:00",286252,
"2026-09-19 18:40:00",277773,
"2026-09-19 18:50:00",269968,
"2026-09-19 19:00:00",262065,
"2026-09-19 19:10:00",254932,
"2026-09-19 19:20:00",248393,
"2026-09-19 19:30:00",242022,
"2026-09-19 19:40:00",235961,
"2026-09-19 19:50:00",229830,
"2026-09-19 20:00:00",224011,
"2026-09-19 20:10:00",217875,
"2026-09-19 20:20:00",211604,
"2026-09-19 20:30:00",205560,
"2026-09-19 20:40:00",199277,
"2026-09-19 20:50:00",193619,
"2026-09-19 21:00:00",187627,
"2026-09-19 21:10:00",181714,
"2026-09-19 21:20:00",175926,
"2026-09-19 21:30:00",170414,
"2026-09-19 21:40:00",164421,
"2026-09-19 21:50:00",158716,
"2026-09-19 22:00:00",152926,
"2026-09-19 22:10:00",147483,
"2026-09-19 22:20:00",141711,
"2026-09-19 22:30:00",136343,
"2026-09-19 22:40:00",131475,
"2026-09-19 22:50:00",126486,
"2026-09-19 23:00:00",121455,
"2026-09-19 23:10:00",116144,
"2026-09-19 23:20:00",111741,
"2026-09-19 23:30:00",108562,
"2026-09-19 23:40:00",105986,
"2026-09-19 23:50:00",103751,
"2026-09-20 00:00:00",101580,333863
"2026-09-20 00:10:00",100343,
"2026-09-20 00:20:00",101775,
"2026-09-20 00:30:00",103693,
"2026-09-20 00:40:00",106702,
"2026-09-20 00:50:00",109898,
"2026-09-20 01:00:00",113356,
"2026-09-20 01:10:00",117363,
"2026-09-20 01:20:00",122057,
"2026-09-20 01:30:00",127247,
"2026-09-20 01:40:00",132649,
"2026-09-20 01:50:00",138151,
"2026-09-20 02:00:00",144811,
"2026-09-20 02:10:00",153144,
"2026-09-20 02:20:00",161407,
"2026-09-20 02:30:00",168685,
"2026-09-20 02:40:00",175462,
"2026-09-20 02:50:00",181350,
"2026-09-20 03:00:00",186478,
"2026-09-20 03:10:00",190854,
"2026-09-20 03:20:00",194536,
"2026-09-20 03:30:00",197843,
"2026-09-20 03:40:00",201281,
"2026-09-20 03:50:00",204821,
"2026-09-20 04:00:00",209327,
"2026-09-20 04:10:00",216007,
"2026-09-20 04:20:00",225033,
"2026-09-20 04:30:00",234620,
"2026-09-20 04:40:00",244790,
"2026-09-20 04:50:00",255254,
"2026-09-20 05:00:00",264476,
"2026-09-20 05:10:00",274351,
"2026-09-20 05:20:00",284185,
"2026-09-20 05:30:00",293200,
"2026-09-20 05:40:00",302692,
"2026-09-20 05:50:00",311678,
"2026-09-20 06:00:00",320563,
"2026-09-20 06:10:00",329650,
"2026-09-20 06:20:00",339242,
"2026-09-20 06:30:00",348987,
"2026-09-20 06:40:00",358524,
"2026-09-20 06:50:00",366503,
"2026-09-20 07:00:00",374409,
"2026-09-20 07:10:00",381328,
"2026-09-20 07:20:00",389040,
"2026-09-20 07:30:00",395405,
"2026-09-20 07:40:00",401083,
"2026-09-20 07:50:00",405793,
"2026-09-20 08:00:00",409661,
"2026-09-20 08:10:00",412627,
"2026-09-20 08:20:00",415167,
"2026-09-20 08:30:00",416361,
"2026-09-20 08:40:00",417032,
"2026-09-20 08:50:00",416844,
"2026-09-20 09:00:00",414266,
"2026-09-20 09:10:00",408867,
"2026-09-20 09:20:00",404257,
"2026-09-20 09:30:00",399080,
"2026-09-20 09:40:00",393506,
"2026-09-20 09:50:00",389018,
"2026-09-20 10:00:00",386023,
"2026-09-20 10:10:00",384425,
"2026-09-20 10:20:00",387612,
"2026-09-20 10:30:00",393865,
"2026-09-20 10:40:00",403139,
"2026-09-20 10:50:00",415355,
"2026-09-20 11:00:00",430792,
"2026-09-20 11:10:00",451020,
"2026-09-20 11:20:00",473169,
"2026-09-20 11:30:00",497497,
"2026-09-20 11:40:00",524712,
"2026-09-20 11:50:00",551006,
"2026-09-20 12:00:00",577393,
"2026-09-20 12:10:00",606291,
"2026-09-20 12:20:00",633815,
"2026-09-20 12:30:00",660456,
"2026-09-20 12:40:00",686297,
"2026-09-20 12:50:00",707962,
"2026-09-20 13:00:00",726769,
"2026-09-20 13:10:00",744446,
"2026-09-20 13:20:00",759297,
"2026-09-20 13:30:00",769931,
"2026-09-20 13:40:00",779077,
"2026-09-20 13:50:00",782467,
"2026-09-20 14:00:00",781068,
"2026-09-20 14:10:00",773717,
"2026-09-20 14:20:00",762895,
"2026-09-20 14:30:00",747497,
"2026-09-20 14:40:00",727104,
"2026-09-20 14:50:00",704093,
"2026-09-20 15:00:00",675214,
"2026-09-20 15:10:00",640357,
"2026-09-20 15:20:00",608242,
"2026-09-20 15:30:00",575124,
"2026-09-20 15:40:00",542177,
"2026-09-20 15:50:00",511560,
"2026-09-20 16:00:00",481213,
"2026-09-20 16:10:00",450965,
"2026-09-20 16:20:00",425096,
"2026-09-20 16:30:00",403593,
"2026-09-20 16:40:00",384454,
"2026-09-20 16:50:00",367730,
"2026-09-20 17:00:00",352342,
"2026-09-20 17:10:00",337600,
"2026-09-20 17:20:00",324640,
"2026-09-20 17:30:00",313148,
"2026-09-20 17:40:00",303127,
"2026-09-20 17:50:00",294226,
"2026-09-20 18:00:00",285471,
"2026-09-20 18:10:00",276331,
"2026-09-20 18:20:00",268331,
"2026-09-20 18:30:00",260994,
"2026-09-20 18:40:00",254075,
"2026-09-20 18:50:00",247225,
"2026-09-20 19:00:00",240428,
"2026-09-20 19:10:00",233783,
"2026-09-20 19:20:00",228387,
"2026-09-20 19:30:00",222051,
"2026-09-20 19:40:00",215819,
"2026-09-20 19:50:00",210243,
"2026-09-20 20:00:00",204079,
"2026-09-20 20:10:00",196991,
"2026-09-20 20:20:00",190571,
"2026-09-20 20:30:00",184052,
"2026-09-20 20:40:00",177548,
"2026-09-20 20:50:00",171219,
"2026-09-20 21:00:00",164826,
"2026-09-20 21:10:00",158530,
"2026-09-20 21:20:00",152364,
"2026-09-20 21:30:00",146345,
"2026-09-20 21:40:00",140752,
"2026-09-20 21:50:00",135551,
"2026-09-20 22:00:00",130515,
"2026-09-20 22:10:00",125068,
"2026-09-20 22:20:00",120461,
"2026-09-20 22:30:00",116274,
"2026-09-20 22:40:00",112375,
"2026-09-20 22:50:00",108214,
"2026-09-20 23:00:00",104448,
"2026-09-20 23:10:00",100399,
"2026-09-20 23:20:00",97416,
"2026-09-20 23:30:00",94897,
"2026-09-20 23:40:00",92684,
"2026-09-20 23:50:00",91276,
"2026-09-21 00:00:00",90420,359578
"2026-09-21 00:10:00",89851,
"2026-09-21 00:20:00",90943,
"2026-09-21 00:30:00",92867,
"2026-09-21 00:40:00",95287,
"2026-09-21 00:50:00",97884,
"2026-09-21 01:00:00",100578,359151
"2026-09-21 01:10:00",103916,
"2026-09-21 01:20:00",107317,
"2026-09-21 01:30:00",110942,
"2026-09-21 01:40:00",114877,
"2026-09-21 01:50:00",119072,
"2026-09-21 02:00:00",124348,358339
"2026-09-21 02:10:00",131703,
"2026-09-21 02:20:00",138226,
"2026-09-21 02:30:00",144180,
"2026-09-21 02:40:00",149334,
"2026-09-21 02:50:00",153723,
"2026-09-21 03:00:00",156722,357063
"2026-09-21 03:10:00",159082,
"2026-09-21 03:20:00",161388,
"2026-09-21 03:30:00",163072,
"2026-09-21 03:40:00",164858,
"2026-09-21 03:50:00",167249,
"2026-09-21 04:00:00",170711,355262
"2026-09-21 04:10:00",176114,
"2026-09-21 04:20:00",183439,
"2026-09-21 04:30:00",190770,
"2026-09-21 04:40:00",198424,
"2026-09-21 04:50:00",205603,
"2026-09-21 05:00:00",211856,352341
"2026-09-21 05:10:00",217793,
"2026-09-21 05:20:00",223795,
"2026-09-21 05:30:00",228688,
"2026-09-21 05:40:00",234116,
"2026-09-21 05:50:00",236493,352341